Category,Brand Category,Video Type,Country,Device,Impressions,eCPM,eCPC,eCPE,CTR,Video Completion Rate,Audio Completion Rate
Arts & Entertainment (Legacy),News,Native,United States,Desktop,3,$9.22  ~ $9.77 ,N/A,N/A,N/A,N/A,N/A
Arts & Entertainment (Legacy),News,Outstream,United States,Desktop,21,$9.54  ~ $9.87 ,$121.48 ,N/A,0.01%,N/A,N/A
Arts & Entertainment (Legacy),News,Outstream,United States,Mobile Web,6,$10.21  ~ $10.35 ,$10.83 ,$72.60 ,0.10%,N/A,N/A
Arts & Entertainment (Legacy),Food & Drink,Outstream,United States,Desktop,13,$4.44  ~ $10.07 ,$73.87 ,N/A,0.01%,N/A,N/A
Arts & Entertainment (Legacy),Food & Drink,Outstream,United States,Mobile Web,2,$7.06  ~ $14.94 ,$3.71 ,$9.94 ,0.19%,N/A,N/A
Arts & Entertainment (Legacy),Personal Finance,Native,United States,Desktop,8,$7.79  ~ $8.72 ,N/A,N/A,N/A,N/A,N/A
Arts & Entertainment (Legacy),Personal Finance,Native,United States,Tablet,1,$6.59  ~ $8.61 ,$3.54 ,N/A,0.19%,N/A,N/A
Arts & Entertainment (Legacy),Personal Finance,Outstream,United States,Desktop,8,$7.66  ~ $8.45 ,$100.17 ,$465.70 ,0.01%,N/A,N/A
Arts & Entertainment (Legacy),Personal Finance,Outstream,United States,Mobile Web,4,$7.06  ~ $8.14 ,$10.44 ,$55.90 ,0.07%,N/A,N/A
Arts & Entertainment (Legacy),Personal Finance,Outstream,United States,Tablet,1,$6.71  ~ $8.62 ,$22.22 ,N/A,0.03%,N/A,N/A
Arts & Entertainment (Legacy),Shopping,Native,United States,Desktop,3,$6.96  ~ $7.10 ,$29.01 ,N/A,0.02%,N/A,N/A
Arts & Entertainment (Legacy),Shopping,Outstream,United Kingdom,Desktop,10,$4.45  ~ $6.66 ,N/A,N/A,N/A,N/A,N/A
Arts & Entertainment (Legacy),Shopping,Outstream,United States,Desktop,24,$6.84  ~ $6.95 ,$54.24 ,N/A,0.01%,N/A,N/A
Arts & Entertainment (Legacy),Shopping,Outstream,United States,Mobile Web,1,$5.71  ~ $5.81 ,$5.58 ,$26.47 ,0.10%,N/A,N/A
Arts & Entertainment (Legacy),Business,Native,United States,Desktop,8,$8.50  ~ $8.80 ,$95.23 ,N/A,0.01%,N/A,N/A
Arts & Entertainment (Legacy),Business,Native,United States,Mobile Web,1,$8.13  ~ $8.21 ,$5.14 ,N/A,0.16%,N/A,N/A
Arts & Entertainment (Legacy),Business,Native,Canada,Desktop,1,$6.06  ~ $7.86 ,N/A,N/A,N/A,N/A,N/A
Arts & Entertainment (Legacy),Business,Outstream,United States,Desktop,48,$8.43  ~ $8.80 ,$129.87 ,$712.84 ,0.01%,N/A,N/A
Arts & Entertainment (Legacy),Business,Outstream,United States,Mobile Web,15,$8.23  ~ $8.71 ,$7.64 ,$84.51 ,0.11%,N/A,N/A
Arts & Entertainment (Legacy),Business,Outstream,Canada,Desktop,1,$5.66  ~ $7.71 ,N/A,N/A,N/A,N/A,N/A
Arts & Entertainment (Legacy),Business,Outstream,United Kingdom,Desktop,3,$4.81  ~ $5.03 ,N/A,N/A,N/A,N/A,N/A
Arts & Entertainment (Legacy),Business,Outstream,United Kingdom,Mobile Web,5,$5.55  ~ $5.59 ,$12.48 ,N/A,0.04%,N/A,N/A
Arts & Entertainment (Legacy),Advertising,Native,Canada,Mobile Web,1,$1.28  ~ $11.91 ,N/A,N/A,N/A,N/A,N/A
Arts & Entertainment (Legacy),Advertising,Native,United States,Desktop,1,$4.10  ~ $8.79 ,N/A,N/A,N/A,N/A,N/A
Arts & Entertainment (Legacy),Advertising,Native,United States,Mobile Web,1,$1.14  ~ $7.70 ,$0.86 ,$3.41 ,0.13%,N/A,N/A
Arts & Entertainment (Legacy),Advertising,Outstream,United States,Desktop,6,$3.55  ~ $8.71 ,$34.79 ,N/A,0.01%,N/A,N/A
Arts & Entertainment (Legacy),Advertising,Outstream,United States,Mobile Web,1,$1.07  ~ $8.23 ,$3.52 ,$45.65 ,0.03%,N/A,N/A
Arts & Entertainment (Legacy),Advertising,Outstream,United States,Tablet,1,$0.52  ~ $8.55 ,N/A,N/A,N/A,N/A,N/A
Arts & Entertainment (Legacy),Green Solutions,Outstream,United Kingdom,Desktop,2,$2.73  ~ $5.60 ,N/A,N/A,N/A,N/A,N/A
Arts & Entertainment (Legacy),Interior Decorating,Outstream,United States,Mobile Web,2,$3.73  ~ $5.71 ,$5.96 ,N/A,0.10%,N/A,N/A
Arts & Entertainment (Legacy),Interior Decorating,Outstream,United States,Desktop,2,$4.03  ~ $8.01 ,N/A,N/A,N/A,N/A,N/A
Arts & Entertainment (Legacy),Health & Fitness,Native,United States,Desktop,5,$9.54  ~ $9.93 ,$69.05 ,N/A,0.01%,N/A,N/A
Arts & Entertainment (Legacy),Health & Fitness,Native,United States,Mobile Web,1,$9.47  ~ $12.38 ,$8.11 ,$21.82 ,0.12%,N/A,N/A
Arts & Entertainment (Legacy),Health & Fitness,Outstream,United Kingdom,Desktop,3,$2.35  ~ $2.48 ,$6.50 ,N/A,0.04%,N/A,N/A
Arts & Entertainment (Legacy),Health & Fitness,Outstream,United States,Desktop,22,$9.66  ~ $10.95 ,$274.12 ,$256.44 ,0.00%,N/A,N/A
Arts & Entertainment (Legacy),Health & Fitness,Outstream,United States,Mobile Web,3,$7.18  ~ $11.41 ,$9.97 ,$61.82 ,0.07%,N/A,N/A
Arts & Entertainment (Legacy),Automotive,Native,United States,Desktop,1,$3.75  ~ $6.41 ,N/A,N/A,N/A,N/A,N/A
Arts & Entertainment (Legacy),Home & Garden,Native,United States,Desktop,3,$7.59  ~ $7.92 ,N/A,N/A,N/A,N/A,N/A
Arts & Entertainment (Legacy),Home & Garden,Outstream,United States,Desktop,30,$7.85  ~ $8.26 ,N/A,N/A,N/A,N/A,N/A
Arts & Entertainment (Legacy),Home & Garden,Outstream,United States,Mobile Web,1,$6.98  ~ $7.39 ,$21.52 ,$120.80 ,0.03%,N/A,N/A
Arts & Entertainment (Legacy),Home & Garden,Outstream,United States,Tablet,1,$5.58  ~ $6.77 ,N/A,N/A,N/A,N/A,N/A
Arts & Entertainment (Legacy),Buying/Selling Cars,Outstream,United States,Desktop,1,$6.37  ~ $8.02 ,N/A,N/A,N/A,N/A,N/A
Arts & Entertainment (Legacy),Cocktails/Beer,Native,United States,Mobile Web,2,$14.56  ~ $15.47 ,N/A,N/A,N/A,N/A,N/A
Arts & Entertainment (Legacy),Arts & Entertainment,Outstream,United States,Desktop,36,$6.57  ~ $8.23 ,N/A,N/A,N/A,N/A,N/A
Arts & Entertainment (Legacy),Arts & Entertainment,Outstream,United States,Mobile Web,5,$6.65  ~ $6.74 ,$4.59 ,$32.17 ,0.14%,N/A,N/A
Arts & Entertainment (Legacy),Arts & Entertainment,Outstream,United Kingdom,Desktop,1,$7.62  ~ $8.36 ,N/A,N/A,N/A,N/A,N/A
Arts & Entertainment (Legacy),Arts & Entertainment,Outstream,United Kingdom,Mobile Web,2,$7.55  ~ $8.38 ,N/A,N/A,N/A,N/A,N/A
Arts & Entertainment (Legacy),Arts & Entertainment,Native,United States,Desktop,37,$6.68  ~ $8.36 ,N/A,N/A,N/A,N/A,N/A
Arts & Entertainment (Legacy),Computer Peripherals,Outstream,United Kingdom,Desktop,2,$4.37  ~ $12.14 ,N/A,N/A,N/A,N/A,N/A
Arts & Entertainment (Legacy),Pets,Outstream,United States,Desktop,1,$7.42  ~ $17.88 ,N/A,N/A,N/A,N/A,N/A
Arts & Entertainment (Legacy),Job Search,Native,United States,Mobile Web,2,$10.72  ~ $10.87 ,$5.60 ,N/A,0.19%,N/A,N/A
Arts & Entertainment (Legacy),Job Search,Outstream,United States,Mobile Web,2,$10.31  ~ $10.52 ,$5.92 ,N/A,0.17%,N/A,N/A
Arts & Entertainment (Legacy),Family & Parenting,Native,United Kingdom,Desktop,2,$15.27  ~ $15.27 ,N/A,N/A,N/A,N/A,N/A
Arts & Entertainment (Legacy),Family & Parenting,Outstream,United Kingdom,Desktop,6,$15.59  ~ $15.82 ,N/A,N/A,N/A,N/A,N/A
Arts & Entertainment (Legacy),Family & Parenting,Outstream,United States,Desktop,3,$8.69  ~ $9.39 ,N/A,N/A,N/A,N/A,N/A
Arts & Entertainment (Legacy),Real Estate,Native,United States,Desktop,3,$8.68  ~ $8.87 ,N/A,N/A,N/A,N/A,N/A
Arts & Entertainment (Legacy),Real Estate,Outstream,United Kingdom,Desktop,8,$8.68  ~ $10.09 ,$7.08 ,N/A,0.14%,N/A,N/A
Arts & Entertainment (Legacy),Real Estate,Outstream,United States,Desktop,2,$8.87  ~ $9.06 ,$52.22 ,$76.41 ,0.02%,N/A,N/A
Arts & Entertainment (Legacy),Careers,Native,United States,Tablet,1,$7.60  ~ $8.93 ,N/A,N/A,N/A,N/A,N/A
Arts & Entertainment (Legacy),Careers,Native,United States,Desktop,2,$8.22  ~ $8.56 ,$3.62 ,N/A,0.23%,N/A,N/A
Arts & Entertainment (Legacy),Careers,Outstream,United States,Mobile Web,1,$7.07  ~ $9.22 ,$7.07 ,N/A,0.10%,N/A,N/A
Arts & Entertainment (Legacy),Travel,Outstream,United Kingdom,Desktop,5,$2.41  ~ $8.08 ,N/A,N/A,N/A,N/A,N/A
Arts & Entertainment (Legacy),Travel,Outstream,United States,Mobile Web,3,$4.98  ~ $9.37 ,$4.45 ,$29.22 ,0.11%,N/A,N/A
Arts & Entertainment (Legacy),Travel,Outstream,United States,Desktop,10,$6.61  ~ $10.84 ,$249.78 ,$218.01 ,0.00%,N/A,N/A
Arts & Entertainment (Legacy),Travel,Native,United States,Mobile Web,1,$4.86  ~ $11.61 ,$2.91 ,$10.16 ,0.17%,N/A,N/A
Arts & Entertainment (Legacy),Politics,Native,United States,Mobile Web,1,$8.04  ~ $8.24 ,N/A,N/A,N/A,N/A,N/A
Arts & Entertainment (Legacy),Politics,Outstream,United States,Desktop,1,$7.74  ~ $7.86 ,N/A,N/A,N/A,N/A,N/A
Arts & Entertainment (Legacy),Politics,Outstream,United States,Mobile Web,2,$8.02  ~ $8.10 ,$11.73 ,N/A,0.07%,N/A,N/A
Arts & Entertainment (Legacy),Biotech/Biomedical,Outstream,United States,Desktop,1,$10.92  ~ $17.16 ,$233.05 ,N/A,0.01%,N/A,N/A
Arts & Entertainment (Legacy),Business Software,Native,United States,Desktop,4,$12.72  ~ $16.40 ,$26.79 ,N/A,0.05%,N/A,N/A
Arts & Entertainment (Legacy),Business Software,Outstream,United States,Desktop,5,$12.60  ~ $17.70 ,$69.70 ,$188.25 ,0.02%,N/A,N/A
Arts & Entertainment (Legacy),College,Native,United States,Desktop,2,$4.75  ~ $4.78 ,N/A,N/A,N/A,N/A,N/A
Arts & Entertainment (Legacy),Education,Native,United States,Desktop,1,$6.64  ~ $7.10 ,N/A,N/A,N/A,N/A,N/A
Arts & Entertainment (Legacy),Education,Native,United States,Mobile Web,1,$7.42  ~ $7.76 ,$3.59 ,$19.43 ,0.21%,N/A,N/A
Arts & Entertainment (Legacy),Education,Outstream,United Kingdom,Desktop,2,$4.16  ~ $7.34 ,$1.85 ,N/A,0.22%,N/A,N/A
Arts & Entertainment (Legacy),Education,Outstream,United States,Desktop,10,$6.72  ~ $7.13 ,$185.89 ,N/A,0.00%,N/A,N/A
Arts & Entertainment (Legacy),Education,Outstream,United States,Mobile Web,4,$6.97  ~ $7.67 ,$6.28 ,$43.66 ,0.11%,N/A,N/A
Arts & Entertainment (Legacy),Hobbies & Interests,Native,Canada,Desktop,1,$8.07  ~ $8.08 ,N/A,N/A,N/A,N/A,N/A
Arts & Entertainment (Legacy),Hobbies & Interests,Native,United States,Desktop,1,$5.55  ~ $7.26 ,$22.41 ,N/A,0.02%,N/A,N/A
Arts & Entertainment (Legacy),Hobbies & Interests,Native,United States,Mobile Web,1,$4.68  ~ $7.14 ,$9.78 ,N/A,0.05%,N/A,N/A
Arts & Entertainment (Legacy),Hobbies & Interests,Outstream,United States,Desktop,11,$5.87  ~ $8.15 ,N/A,N/A,N/A,N/A,N/A
Arts & Entertainment (Legacy),Hobbies & Interests,Outstream,United Kingdom,Desktop,3,$2.33  ~ $2.33 ,N/A,N/A,N/A,N/A,N/A
Arts & Entertainment (Legacy),"Law, Gov't & Politics",Outstream,United States,Desktop,15,$10.43  ~ $10.44 ,$41.30 ,N/A,0.03%,N/A,N/A
Arts & Entertainment (Legacy),Cold & Flu,Outstream,United States,Desktop,3,$6.69  ~ $8.02 ,N/A,N/A,N/A,N/A,N/A
Arts & Entertainment (Legacy),Commentary,Outstream,United States,Desktop,7,$0.00  ~ $0.00 ,N/A,N/A,N/A,N/A,N/A
Arts & Entertainment (Legacy),Honeymoons/Getaways,Outstream,United Kingdom,Desktop,2,$0.00  ~ $0.00 ,N/A,N/A,N/A,N/A,N/A
Arts & Entertainment (Legacy),Logistics,Outstream,United Kingdom,Desktop,1,$0.00  ~ $0.00 ,N/A,N/A,N/A,N/A,N/A
Arts & Entertainment (Legacy),Food & Drink,Outstream,United Kingdom,Desktop,1,$0.00  ~ $0.00 ,N/A,N/A,N/A,N/A,N/A
Arts & Entertainment (Legacy),Legal Issues,Outstream,United Kingdom,Desktop,2,$0.00  ~ $0.00 ,N/A,N/A,N/A,N/A,N/A
Arts & Entertainment (Legacy),Insurance,Outstream,United Kingdom,Desktop,6,$0.00  ~ $0.00 ,N/A,N/A,N/A,N/A,N/A
Arts & Entertainment (Legacy),Cell Phones,Outstream,United Kingdom,Desktop,1,$0.00  ~ $0.00 ,N/A,N/A,N/A,N/A,N/A
Automotive (Legacy),Home & Garden,Outstream,United States,Desktop,1,$6.40  ~ $7.80 ,N/A,N/A,N/A,N/A,N/A
Automotive (Legacy),Home & Garden,Outstream,United States,Mobile Web,2,$7.44  ~ $7.78 ,$9.34 ,$18.24 ,0.08%,N/A,N/A
Automotive (Legacy),Computer Peripherals,Outstream,United Kingdom,Desktop,1,$9.36  ~ $12.17 ,N/A,N/A,N/A,N/A,N/A
Automotive (Legacy),Hobbies & Interests,Outstream,United States,Desktop,5,$8.12  ~ $9.63 ,N/A,N/A,N/A,N/A,N/A
Automotive (Legacy),Hobbies & Interests,Outstream,United Kingdom,Mobile Web,3,$1.72  ~ $1.72 ,N/A,N/A,N/A,N/A,N/A
Automotive (Legacy),Hobbies & Interests,Outstream,United Kingdom,Desktop,3,$2.19  ~ $2.19 ,$0.96 ,N/A,0.23%,N/A,N/A
Automotive (Legacy),Advertising,Outstream,United States,Mobile Web,1,$0.45  ~ $9.79 ,$1.39 ,$2.76 ,0.03%,N/A,N/A
Automotive (Legacy),Business,Native,United States,Desktop,1,$8.07  ~ $8.67 ,$7.92 ,N/A,0.11%,N/A,N/A
Automotive (Legacy),Business,Outstream,United Kingdom,Desktop,2,$5.90  ~ $5.95 ,N/A,N/A,N/A,N/A,N/A
Automotive (Legacy),Business,Outstream,United Kingdom,Mobile Web,1,$5.25  ~ $5.50 ,$6.79 ,N/A,0.08%,N/A,N/A
Automotive (Legacy),Business,Outstream,United States,Desktop,3,$8.55  ~ $8.99 ,$12.26 ,N/A,0.07%,N/A,N/A
Automotive (Legacy),Business,Outstream,United States,Mobile Web,1,$8.39  ~ $8.47 ,$10.95 ,$33.77 ,0.08%,N/A,N/A
Automotive (Legacy),Business,Outstream,United States,Tablet,1,$7.67  ~ $8.35 ,$3.84 ,N/A,0.22%,N/A,N/A
Automotive (Legacy),Arts & Entertainment,Outstream,United Kingdom,Desktop,1,$8.03  ~ $8.46 ,N/A,N/A,N/A,N/A,N/A
Automotive (Legacy),Shopping,Outstream,United States,Desktop,1,$5.53  ~ $7.14 ,N/A,N/A,N/A,N/A,N/A
Automotive (Legacy),Shopping,Outstream,United States,Mobile Web,1,$5.28  ~ $5.33 ,$25.77 ,N/A,0.02%,N/A,N/A
Automotive (Legacy),Honeymoons/Getaways,Outstream,United Kingdom,Desktop,1,$0.00  ~ $0.00 ,N/A,N/A,N/A,N/A,N/A
Automotive (Legacy),Food & Drink,Outstream,United Kingdom,Desktop,1,$0.00  ~ $0.00 ,N/A,N/A,N/A,N/A,N/A
Automotive (Legacy),Automotive,Outstream,United Kingdom,Desktop,1,$0.00  ~ $0.00 ,N/A,N/A,N/A,N/A,N/A
Business (Legacy),Personal Finance,Outstream,United States,Desktop,3,$6.58  ~ $8.55 ,$14.34 ,$116.67 ,0.05%,N/A,N/A
Business (Legacy),Personal Finance,Outstream,United States,Mobile Web,9,$6.96  ~ $8.01 ,$5.39 ,$24.82 ,0.13%,N/A,N/A
Business (Legacy),Automotive,Native,United States,Desktop,1,$4.59  ~ $6.34 ,N/A,N/A,N/A,N/A,N/A
Business (Legacy),Advertising,Native,Canada,Desktop,13,$5.78  ~ $11.19 ,N/A,N/A,N/A,N/A,N/A
Business (Legacy),Advertising,Outstream,Canada,Desktop,32,$4.13  ~ $9.81 ,$7.35 ,N/A,0.06%,N/A,N/A
Business (Legacy),Advertising,Outstream,United States,Desktop,1,$3.15  ~ $8.75 ,N/A,N/A,N/A,N/A,N/A
Business (Legacy),Careers,Outstream,United States,Mobile Web,4,$7.87  ~ $9.48 ,$13.50 ,N/A,0.06%,N/A,N/A
Business (Legacy),Education,Outstream,United States,Desktop,2,$8.64  ~ $8.78 ,$15.02 ,$16.65 ,0.06%,N/A,N/A
Business (Legacy),Education,Outstream,United States,Mobile Web,1,$8.50  ~ $8.55 ,$4.90 ,$36.36 ,0.17%,N/A,N/A
Business (Legacy),Home & Garden,Outstream,United States,Desktop,2,$6.18  ~ $7.12 ,$5.49 ,N/A,0.11%,N/A,N/A
Business (Legacy),Business Software,Native,United States,Desktop,4,$9.61  ~ $16.84 ,$3.77 ,$9.93 ,0.25%,N/A,N/A
Business (Legacy),Business Software,Outstream,United Kingdom,Mobile Web,1,$8.22  ~ $19.04 ,$0.45 ,N/A,1.82%,N/A,N/A
Business (Legacy),Business Software,Outstream,United States,Desktop,5,$9.56  ~ $16.88 ,$24.12 ,N/A,0.04%,N/A,N/A
Business (Legacy),Graduate School,Outstream,United States,Desktop,1,$8.02  ~ $9.18 ,N/A,N/A,N/A,N/A,N/A
Business (Legacy),News,Native,United States,Desktop,1,$10.41  ~ $11.43 ,N/A,N/A,N/A,N/A,N/A
Business (Legacy),News,Outstream,United States,Desktop,1,$10.66  ~ $11.75 ,$14.90 ,N/A,0.08%,N/A,N/A
Business (Legacy),Shopping,Native,United Kingdom,Desktop,1,$4.83  ~ $5.63 ,N/A,N/A,N/A,N/A,N/A
Business (Legacy),Shopping,Native,United States,Desktop,2,$5.49  ~ $6.86 ,$4.35 ,$4.31 ,0.13%,N/A,N/A
Business (Legacy),Shopping,Outstream,United Kingdom,Desktop,2,$6.22  ~ $6.44 ,N/A,N/A,N/A,N/A,N/A
Business (Legacy),Shopping,Outstream,United States,Desktop,16,$5.45  ~ $7.25 ,$15.24 ,N/A,0.04%,N/A,N/A
Business (Legacy),Health & Fitness,Native,United States,Desktop,2,$8.40  ~ $10.57 ,N/A,N/A,N/A,N/A,N/A
Business (Legacy),Health & Fitness,Outstream,United Kingdom,Desktop,1,$3.56  ~ $3.60 ,N/A,N/A,N/A,N/A,N/A
Business (Legacy),Health & Fitness,Outstream,United States,Desktop,8,$8.28  ~ $11.45 ,$16.40 ,N/A,0.05%,N/A,N/A
Business (Legacy),Travel,Outstream,United States,Desktop,3,$5.13  ~ $9.09 ,$15.25 ,N/A,0.03%,N/A,N/A
Business (Legacy),Travel,Outstream,United States,Mobile Web,4,$4.55  ~ $7.76 ,$2.67 ,$14.84 ,0.17%,N/A,N/A
Business (Legacy),Psychology/Psychiatry,Outstream,United States,Desktop,3,$11.47  ~ $11.70 ,N/A,N/A,N/A,N/A,N/A
Business (Legacy),Appliances,Outstream,United States,Desktop,2,$12.76  ~ $13.81 ,N/A,N/A,N/A,N/A,N/A
Business (Legacy),"Law, Gov't & Politics",Native,United States,Mobile Web,1,$10.15  ~ $10.20 ,$1.66 ,N/A,0.61%,N/A,N/A
Business (Legacy),"Law, Gov't & Politics",Outstream,United States,Mobile Web,1,$10.29  ~ $10.30 ,$3.60 ,N/A,0.29%,N/A,N/A
Business (Legacy),Real Estate,Outstream,United Kingdom,Desktop,1,$8.56  ~ $10.19 ,N/A,N/A,N/A,N/A,N/A
Business (Legacy),Real Estate,Outstream,United States,Desktop,1,$6.24  ~ $6.62 ,N/A,N/A,N/A,N/A,N/A
Business (Legacy),College,Native,United States,Desktop,1,$4.74  ~ $6.18 ,N/A,N/A,N/A,N/A,N/A
Business (Legacy),Business,Outstream,United Kingdom,Desktop,3,$7.22  ~ $7.86 ,N/A,N/A,N/A,N/A,N/A
Business (Legacy),Business,Outstream,United States,Desktop,14,$10.17  ~ $10.84 ,$28.50 ,$111.99 ,0.04%,N/A,N/A
Business (Legacy),Business,Outstream,United States,Mobile Web,4,$8.62  ~ $10.50 ,$4.17 ,$40.34 ,0.21%,N/A,N/A
Business (Legacy),Arts & Entertainment,Native,United States,Desktop,6,$5.92  ~ $8.62 ,N/A,N/A,N/A,N/A,N/A
Business (Legacy),Arts & Entertainment,Outstream,United States,Mobile Web,2,$5.51  ~ $9.46 ,$2.85 ,N/A,0.19%,N/A,N/A
Business (Legacy),Arts & Entertainment,Outstream,United States,Desktop,2,$5.99  ~ $8.82 ,N/A,N/A,N/A,N/A,N/A
Business (Legacy),Investors & Patents,Outstream,United States,Desktop,1,$61.33  ~ $61.33 ,N/A,N/A,N/A,N/A,N/A
Business (Legacy),Hobbies & Interests,Outstream,United States,Desktop,3,$7.73  ~ $9.68 ,$17.04 ,N/A,0.05%,N/A,N/A
Business (Legacy),Hobbies & Interests,Outstream,United Kingdom,Desktop,2,$2.49  ~ $2.49 ,N/A,N/A,N/A,N/A,N/A
Careers (Legacy),Careers,Outstream,United States,Desktop,1,$8.30  ~ $9.22 ,N/A,N/A,N/A,N/A,N/A
Careers (Legacy),Home & Garden,Outstream,United States,Mobile Web,1,$7.51  ~ $8.44 ,N/A,N/A,N/A,N/A,N/A
Careers (Legacy),"Law, Gov't & Politics",Native,United States,Mobile Web,1,$9.61  ~ $9.74 ,N/A,N/A,N/A,N/A,N/A
Careers (Legacy),"Law, Gov't & Politics",Outstream,United States,Desktop,1,$9.78  ~ $9.79 ,N/A,N/A,N/A,N/A,N/A
Careers (Legacy),"Law, Gov't & Politics",Outstream,United States,Mobile Web,1,$9.78  ~ $9.95 ,N/A,N/A,N/A,N/A,N/A
Careers (Legacy),Shopping,Outstream,United States,Desktop,1,$5.73  ~ $6.29 ,$10.96 ,N/A,0.05%,N/A,N/A
Careers (Legacy),Business,Outstream,United Kingdom,Desktop,1,$5.60  ~ $5.70 ,N/A,N/A,N/A,N/A,N/A
Education (Legacy),Arts & Entertainment,Native,United States,Desktop,2,$6.65  ~ $8.41 ,N/A,N/A,N/A,N/A,N/A
Education (Legacy),Arts & Entertainment,Outstream,United States,Desktop,4,$6.34  ~ $8.47 ,N/A,N/A,N/A,N/A,N/A
Education (Legacy),Arthritis,Outstream,United States,Desktop,1,$2.85  ~ $2.85 ,N/A,N/A,N/A,N/A,N/A
Education (Legacy),Food & Drink,Outstream,United States,Desktop,3,$5.81  ~ $12.05 ,N/A,N/A,N/A,N/A,N/A
Education (Legacy),Health & Fitness,Native,United States,Desktop,1,$7.76  ~ $10.69 ,N/A,N/A,N/A,N/A,N/A
Education (Legacy),Health & Fitness,Outstream,United States,Desktop,1,$7.88  ~ $10.73 ,$22.29 ,N/A,0.04%,N/A,N/A
Education (Legacy),Biotech/Biomedical,Outstream,United States,Desktop,1,$12.49  ~ $13.64 ,N/A,N/A,N/A,N/A,N/A
Education (Legacy),Personal Finance,Outstream,United States,Desktop,1,$6.92  ~ $8.82 ,$12.28 ,$69.97 ,0.06%,N/A,N/A
Education (Legacy),News,Outstream,United States,Desktop,2,$10.00  ~ $13.19 ,$18.74 ,N/A,0.07%,N/A,N/A
Education (Legacy),Hobbies & Interests,Outstream,United Kingdom,Desktop,1,$3.06  ~ $3.06 ,N/A,N/A,N/A,N/A,N/A
Education (Legacy),Shopping,Native,United Kingdom,Desktop,1,$1.67  ~ $5.86 ,N/A,N/A,N/A,N/A,N/A
Education (Legacy),Shopping,Outstream,United Kingdom,Desktop,2,$6.09  ~ $6.57 ,N/A,N/A,N/A,N/A,N/A
Education (Legacy),Shopping,Outstream,United States,Desktop,2,$5.60  ~ $5.60 ,$11.23 ,N/A,0.05%,N/A,N/A
Education (Legacy),Education,Outstream,United States,Desktop,7,$7.58  ~ $8.08 ,$41.05 ,N/A,0.02%,N/A,N/A
Education (Legacy),Business,Native,United States,Desktop,1,$9.80  ~ $10.20 ,N/A,N/A,N/A,N/A,N/A
Education (Legacy),Business,Native,Mexico,Desktop,1,$6.75  ~ $16.29 ,N/A,N/A,N/A,N/A,N/A
Education (Legacy),Business,Outstream,United States,Mobile Web,2,$8.45  ~ $8.56 ,$10.33 ,N/A,0.08%,N/A,N/A
Education (Legacy),Business,Outstream,United States,Desktop,11,$9.34  ~ $9.41 ,$117.54 ,N/A,0.01%,N/A,N/A
Education (Legacy),Business,Outstream,United Kingdom,Desktop,4,$7.78  ~ $7.89 ,N/A,N/A,N/A,N/A,N/A
Education (Legacy),Home & Garden,Outstream,United States,Desktop,3,$5.66  ~ $7.24 ,N/A,N/A,N/A,N/A,N/A
Education (Legacy),Travel,Outstream,United Kingdom,Desktop,6,$3.03  ~ $7.79 ,N/A,N/A,N/A,N/A,N/A
Education (Legacy),Advertising,Native,United States,Desktop,1,$1.11  ~ $7.30 ,N/A,N/A,N/A,N/A,N/A
Education (Legacy),Advertising,Native,United States,Mobile Web,1,$0.84  ~ $8.63 ,N/A,N/A,N/A,N/A,N/A
Education (Legacy),Advertising,Outstream,United States,Tablet,1,$0.33  ~ $8.15 ,N/A,N/A,N/A,N/A,N/A
Education (Legacy),Agriculture,Instream,United States,Desktop,1,$0.00  ~ $0.00 ,N/A,N/A,N/A,N/A,N/A
Education (Legacy),Personal Finance,Outstream,Mexico,Desktop,1,$0.00  ~ $0.00 ,N/A,N/A,N/A,N/A,N/A
Education (Legacy),Investors & Patents,Outstream,United States,Desktop,1,$0.00  ~ $0.00 ,N/A,N/A,N/A,N/A,N/A
Family & Parenting (Legacy),Real Estate,Outstream,United Kingdom,Desktop,1,$9.81  ~ $10.47 ,N/A,N/A,N/A,N/A,N/A
Family & Parenting (Legacy),College,Outstream,United States,Mobile Web,2,$5.59  ~ $7.70 ,N/A,N/A,N/A,N/A,N/A
Family & Parenting (Legacy),Interior Decorating,Outstream,United States,Desktop,1,$5.25  ~ $6.51 ,N/A,N/A,N/A,N/A,N/A
Family & Parenting (Legacy),Business,Native,United States,Desktop,1,$9.06  ~ $9.72 ,N/A,N/A,N/A,N/A,N/A
Family & Parenting (Legacy),Arts & Entertainment,Outstream,United Kingdom,Mobile Web,1,$5.60  ~ $8.42 ,N/A,N/A,N/A,N/A,N/A
Family & Parenting (Legacy),Shopping,Native,United States,Mobile Web,1,$6.13  ~ $6.30 ,$3.12 ,$12.03 ,0.20%,N/A,N/A
Family & Parenting (Legacy),Shopping,Outstream,United States,Desktop,1,$5.55  ~ $6.66 ,$14.19 ,N/A,0.04%,N/A,N/A
Family & Parenting (Legacy),Large Animals,Native,United States,Mobile Web,1,$8.02  ~ $12.03 ,N/A,N/A,N/A,N/A,N/A
Family & Parenting (Legacy),Home & Garden,Outstream,United States,Mobile Web,2,$6.38  ~ $7.24 ,$7.90 ,$22.38 ,0.08%,N/A,N/A
Family & Parenting (Legacy),"Law, Gov't & Politics",Outstream,United States,Desktop,2,$10.02  ~ $10.02 ,N/A,N/A,N/A,N/A,N/A
Family & Parenting (Legacy),Careers,Outstream,United States,Mobile Web,1,$6.84  ~ $8.33 ,$3.46 ,$5.79 ,0.20%,N/A,N/A
Family & Parenting (Legacy),Automotive,Outstream,United States,Mobile Web,3,$3.74  ~ $5.59 ,$1.10 ,$55.93 ,0.34%,N/A,N/A
Family & Parenting (Legacy),Biotech/Biomedical,Outstream,United States,Desktop,2,$10.75  ~ $15.10 ,N/A,N/A,N/A,N/A,N/A
Family & Parenting (Legacy),Travel,Outstream,United States,Desktop,1,$5.70  ~ $9.70 ,N/A,N/A,N/A,N/A,N/A
Family & Parenting (Legacy),Health & Fitness,Native,United States,Desktop,1,$6.20  ~ $9.61 ,$20.35 ,N/A,0.03%,N/A,N/A
Family & Parenting (Legacy),Health & Fitness,Outstream,United States,Mobile Web,2,$7.09  ~ $10.54 ,$6.20 ,$24.15 ,0.11%,N/A,N/A
Family & Parenting (Legacy),Food & Drink,Outstream,United Kingdom,Desktop,1,$0.00  ~ $0.00 ,N/A,N/A,N/A,N/A,N/A
Family & Parenting (Legacy),Automotive,Instream,United States,Mobile Web,4,$0.00  ~ $0.00 ,N/A,N/A,N/A,N/A,N/A
Food & Drink (Legacy),Home & Garden,Native,United States,Desktop,1,$6.77  ~ $8.00 ,N/A,N/A,N/A,N/A,N/A
Food & Drink (Legacy),Home & Garden,Outstream,United States,Desktop,6,$6.82  ~ $7.41 ,N/A,N/A,N/A,N/A,N/A
Food & Drink (Legacy),Real Estate,Outstream,United States,Desktop,1,$7.81  ~ $7.83 ,N/A,N/A,N/A,N/A,N/A
Food & Drink (Legacy),Advertising,Native,United States,Mobile Web,2,$2.65  ~ $10.89 ,$2.20 ,N/A,0.12%,N/A,N/A
Food & Drink (Legacy),Advertising,Outstream,United States,Mobile Web,4,$1.36  ~ $10.43 ,$3.28 ,N/A,0.04%,N/A,N/A
Food & Drink (Legacy),Education,Native,United States,Mobile Web,1,$7.94  ~ $8.19 ,$6.24 ,$9.62 ,0.13%,N/A,N/A
Food & Drink (Legacy),Business Software,Outstream,United States,Desktop,2,$13.62  ~ $18.97 ,$58.80 ,$109.98 ,0.02%,N/A,N/A
Food & Drink (Legacy),Business Software,Outstream,United States,Mobile Web,1,$17.18  ~ $18.47 ,$13.23 ,N/A,0.13%,N/A,N/A
Food & Drink (Legacy),Interior Decorating,Outstream,United States,Mobile Web,1,$5.64  ~ $6.03 ,$3.76 ,$11.28 ,0.15%,N/A,N/A
Food & Drink (Legacy),Shopping,Native,United States,Desktop,2,$6.92  ~ $9.39 ,N/A,N/A,N/A,N/A,N/A
Food & Drink (Legacy),Shopping,Native,United States,Tablet,3,$6.47  ~ $7.84 ,$5.77 ,N/A,0.11%,N/A,N/A
Food & Drink (Legacy),Shopping,Outstream,United States,Desktop,1,$6.63  ~ $8.94 ,$44.67 ,N/A,0.01%,N/A,N/A
Food & Drink (Legacy),Shopping,Outstream,United States,Mobile Web,2,$6.80  ~ $7.69 ,$11.39 ,$32.43 ,0.06%,N/A,N/A
Food & Drink (Legacy),Hobbies & Interests,Outstream,United Kingdom,Desktop,1,$2.68  ~ $2.68 ,N/A,N/A,N/A,N/A,N/A
Food & Drink (Legacy),Hobbies & Interests,Outstream,United Kingdom,Mobile Web,1,$2.24  ~ $2.24 ,$9.03 ,N/A,0.02%,N/A,N/A
Food & Drink (Legacy),Large Animals,Native,United States,Mobile Web,2,$8.08  ~ $10.95 ,N/A,N/A,N/A,N/A,N/A
Food & Drink (Legacy),Arts & Entertainment,Outstream,United States,Desktop,2,$6.85  ~ $10.71 ,N/A,N/A,N/A,N/A,N/A
Food & Drink (Legacy),Arts & Entertainment,Outstream,United States,Mobile Web,1,$6.65  ~ $8.58 ,$9.03 ,N/A,0.07%,N/A,N/A
Food & Drink (Legacy),Business,Native,Canada,Mobile Web,1,$5.14  ~ $8.12 ,$2.82 ,$8.65 ,0.18%,N/A,N/A
Food & Drink (Legacy),Business,Outstream,Canada,Mobile Web,2,$5.21  ~ $8.24 ,$9.04 ,$35.04 ,0.06%,N/A,N/A
Food & Drink (Legacy),Business,Outstream,United Kingdom,Desktop,3,$5.09  ~ $5.22 ,N/A,N/A,N/A,N/A,N/A
Food & Drink (Legacy),Business,Outstream,United States,Desktop,7,$9.75  ~ $11.12 ,$59.62 ,N/A,0.02%,N/A,N/A
Food & Drink (Legacy),Business,Outstream,United States,Mobile Web,2,$9.64  ~ $10.38 ,$13.13 ,$40.97 ,0.08%,N/A,N/A
Food & Drink (Legacy),Health & Fitness,Native,United States,Mobile Web,1,$9.52  ~ $15.36 ,$15.08 ,$29.30 ,0.06%,N/A,N/A
Food & Drink (Legacy),Health & Fitness,Outstream,United Kingdom,Desktop,1,$3.49  ~ $3.87 ,N/A,N/A,N/A,N/A,N/A
Food & Drink (Legacy),Health & Fitness,Outstream,United States,Mobile Web,2,$7.94  ~ $14.12 ,$12.13 ,$70.26 ,0.07%,N/A,N/A
Food & Drink (Legacy),Personal Finance,Outstream,United States,Mobile Web,6,$7.87  ~ $8.46 ,$8.01 ,$42.47 ,0.10%,N/A,N/A
Food & Drink (Legacy),Honeymoons/Getaways,Outstream,United Kingdom,Desktop,1,$0.00  ~ $0.00 ,N/A,N/A,N/A,N/A,N/A
Health & Fitness (Legacy),Biotech/Biomedical,Outstream,United States,Desktop,7,$10.64  ~ $15.94 ,N/A,N/A,N/A,N/A,N/A
Health & Fitness (Legacy),Health & Fitness,Native,United States,Desktop,1,$8.48  ~ $10.17 ,$8.63 ,N/A,0.10%,N/A,N/A
Health & Fitness (Legacy),Health & Fitness,Outstream,United States,Desktop,1,$7.82  ~ $9.08 ,$19.76 ,N/A,0.04%,N/A,N/A
Health & Fitness (Legacy),Arts & Entertainment,Native,United States,Desktop,1,$7.21  ~ $9.26 ,N/A,N/A,N/A,N/A,N/A
Health & Fitness (Legacy),Business,Native,United States,Tablet,1,$8.12  ~ $8.78 ,N/A,N/A,N/A,N/A,N/A
Health & Fitness (Legacy),Business,Native,Canada,Mobile Web,1,$3.07  ~ $8.14 ,$8.31 ,N/A,0.04%,N/A,N/A
Health & Fitness (Legacy),Business,Outstream,Canada,Mobile Web,2,$2.74  ~ $8.60 ,$4.01 ,N/A,0.07%,N/A,N/A
Health & Fitness (Legacy),Business,Outstream,United States,Desktop,1,$8.83  ~ $9.31 ,$50.03 ,N/A,0.02%,N/A,N/A
Health & Fitness (Legacy),Business,Outstream,United States,Mobile Web,2,$9.13  ~ $9.69 ,$19.02 ,N/A,0.05%,N/A,N/A
Health & Fitness (Legacy),Education,Outstream,United States,Desktop,1,$7.37  ~ $7.84 ,N/A,N/A,N/A,N/A,N/A
Health & Fitness (Legacy),Advertising,Native,United States,Mobile Web,1,$3.94  ~ $11.46 ,N/A,N/A,N/A,N/A,N/A
Health & Fitness (Legacy),Careers,Outstream,United States,Desktop,1,$8.45  ~ $9.05 ,N/A,N/A,N/A,N/A,N/A
Health & Fitness (Legacy),Hobbies & Interests,Outstream,United Kingdom,Desktop,3,$2.54  ~ $2.54 ,N/A,N/A,N/A,N/A,N/A
Health & Fitness (Legacy),Pets,Outstream,United States,Mobile Web,1,$4.46  ~ $10.05 ,N/A,N/A,N/A,N/A,N/A
Hobbies & Interests (Legacy),Job Search,Outstream,United States,Desktop,1,$12.14  ~ $13.78 ,N/A,N/A,N/A,N/A,N/A
Hobbies & Interests (Legacy),Education,Native,Mexico,Desktop,18,$6.47  ~ $8.07 ,N/A,N/A,N/A,N/A,N/A
Hobbies & Interests (Legacy),Education,Outstream,Mexico,Desktop,10,$5.39  ~ $8.12 ,N/A,N/A,N/A,N/A,N/A
Hobbies & Interests (Legacy),Home & Garden,Native,United States,Desktop,1,$5.16  ~ $7.61 ,N/A,N/A,N/A,N/A,N/A
Hobbies & Interests (Legacy),Food & Drink,Outstream,United States,Mobile Web,1,$7.66  ~ $15.75 ,$9.62 ,N/A,0.08%,N/A,N/A
Hobbies & Interests (Legacy),Shopping,Outstream,United Kingdom,Desktop,2,$5.51  ~ $6.21 ,N/A,N/A,N/A,N/A,N/A
Hobbies & Interests (Legacy),Shopping,Outstream,United States,Desktop,3,$6.07  ~ $7.22 ,$22.82 ,N/A,0.03%,N/A,N/A
Hobbies & Interests (Legacy),Psychology/Psychiatry,Outstream,United States,Desktop,1,$11.47  ~ $11.50 ,N/A,N/A,N/A,N/A,N/A
Hobbies & Interests (Legacy),News,Native,Canada,Mobile Web,1,$9.45  ~ $23.46 ,$1.60 ,N/A,0.59%,N/A,N/A
Hobbies & Interests (Legacy),Interior Decorating,Native,United States,Desktop,1,$6.11  ~ $7.02 ,N/A,N/A,N/A,N/A,N/A
Hobbies & Interests (Legacy),Personal Finance,Native,Mexico,Desktop,4,$5.45  ~ $12.72 ,N/A,N/A,N/A,N/A,N/A
Hobbies & Interests (Legacy),Personal Finance,Outstream,Mexico,Desktop,1,$5.44  ~ $12.24 ,N/A,N/A,N/A,N/A,N/A
Hobbies & Interests (Legacy),Personal Finance,Outstream,United States,Mobile Web,3,$7.29  ~ $7.89 ,$8.86 ,N/A,0.08%,N/A,N/A
Hobbies & Interests (Legacy),Health & Fitness,Outstream,United Kingdom,Desktop,2,$3.42  ~ $3.52 ,N/A,N/A,N/A,N/A,N/A
Hobbies & Interests (Legacy),Travel,Outstream,United States,Mobile Web,2,$5.78  ~ $7.88 ,$7.82 ,$17.93 ,0.07%,N/A,N/A
Hobbies & Interests (Legacy),Arts & Entertainment,Outstream,United States,Desktop,3,$5.49  ~ $8.71 ,$17.50 ,N/A,0.03%,N/A,N/A
Hobbies & Interests (Legacy),Arts & Entertainment,Outstream,United Kingdom,Mobile Web,1,$6.40  ~ $8.15 ,N/A,N/A,N/A,N/A,N/A
Hobbies & Interests (Legacy),Arts & Entertainment,Outstream,Mexico,Desktop,3,$6.55  ~ $8.04 ,N/A,N/A,N/A,N/A,N/A
Hobbies & Interests (Legacy),Arts & Entertainment,Native,Mexico,Desktop,2,$6.73  ~ $8.05 ,N/A,N/A,N/A,N/A,N/A
Hobbies & Interests (Legacy),Business,Native,United States,Desktop,4,$8.09  ~ $8.41 ,$49.20 ,N/A,0.02%,N/A,N/A
Hobbies & Interests (Legacy),Business,Native,Mexico,Desktop,1,$8.15  ~ $8.15 ,N/A,N/A,N/A,N/A,N/A
Hobbies & Interests (Legacy),Business,Outstream,Canada,Desktop,1,$3.85  ~ $6.71 ,$7.55 ,N/A,0.05%,N/A,N/A
Hobbies & Interests (Legacy),Business,Outstream,United Kingdom,Desktop,1,$6.13  ~ $6.20 ,N/A,N/A,N/A,N/A,N/A
Hobbies & Interests (Legacy),Business,Outstream,United States,Desktop,3,$8.12  ~ $8.37 ,$103.95 ,N/A,0.01%,N/A,N/A
Hobbies & Interests (Legacy),Business,Outstream,United States,Tablet,1,$7.89  ~ $8.47 ,$6.85 ,N/A,0.12%,N/A,N/A
Hobbies & Interests (Legacy),Advertising,Outstream,United States,Desktop,1,$6.45  ~ $7.83 ,$117.35 ,N/A,0.01%,N/A,N/A
Hobbies & Interests (Legacy),Advertising,Outstream,United States,Mobile Web,2,$0.52  ~ $9.53 ,$2.24 ,N/A,0.02%,N/A,N/A
Hobbies & Interests (Legacy),Hobbies & Interests,Native,United States,Desktop,1,$7.30  ~ $9.03 ,N/A,N/A,N/A,N/A,N/A
Hobbies & Interests (Legacy),Hobbies & Interests,Outstream,United Kingdom,Desktop,4,$1.93  ~ $1.93 ,$4.35 ,N/A,0.04%,N/A,N/A
Hobbies & Interests (Legacy),Logistics,Outstream,United Kingdom,Desktop,1,$0.00  ~ $0.00 ,N/A,N/A,N/A,N/A,N/A
Hobbies & Interests (Legacy),Buying/Selling Cars,Native,Mexico,Desktop,1,$0.00  ~ $0.00 ,N/A,N/A,N/A,N/A,N/A
Hobbies & Interests (Legacy),Agriculture,Outstream,United States,Desktop,1,$0.00  ~ $0.00 ,N/A,N/A,N/A,N/A,N/A
Home & Garden (Legacy),Hobbies & Interests,Outstream,United Kingdom,Mobile Web,2,$2.20  ~ $2.20 ,$0.88 ,N/A,0.25%,N/A,N/A
Home & Garden (Legacy),Computer Peripherals,Outstream,United Kingdom,Desktop,1,$7.78  ~ $12.11 ,N/A,N/A,N/A,N/A,N/A
Home & Garden (Legacy),Computer Peripherals,Outstream,United Kingdom,Mobile Web,1,$7.64  ~ $12.14 ,N/A,N/A,N/A,N/A,N/A
Home & Garden (Legacy),Home & Garden,Outstream,United States,Desktop,1,$4.20  ~ $6.77 ,$3.22 ,$2.52 ,0.13%,N/A,N/A
Home & Garden (Legacy),Arts & Entertainment,Outstream,United States,Desktop,2,$5.82  ~ $7.74 ,N/A,N/A,N/A,N/A,N/A
Home & Garden (Legacy),Travel,Outstream,United States,Desktop,1,$6.71  ~ $9.35 ,N/A,N/A,N/A,N/A,N/A
Home & Garden (Legacy),Business,Outstream,United Kingdom,Desktop,1,$5.52  ~ $5.55 ,N/A,N/A,N/A,N/A,N/A
Home & Garden (Legacy),Business,Outstream,United Kingdom,Mobile Web,1,$6.11  ~ $6.15 ,$16.95 ,N/A,0.04%,N/A,N/A
Home & Garden (Legacy),Business,Outstream,United States,Desktop,1,$8.47  ~ $8.57 ,$44.88 ,N/A,0.02%,N/A,N/A
Home & Garden (Legacy),Business,Outstream,Canada,Desktop,1,$3.69  ~ $6.88 ,N/A,N/A,N/A,N/A,N/A
Home & Garden (Legacy),Shopping,Outstream,United Kingdom,Mobile Web,1,$2.59  ~ $7.01 ,N/A,N/A,N/A,N/A,N/A
"Law, Gov't & Politics (Legacy)",Business Software,Outstream,United States,Desktop,1,$11.90  ~ $16.95 ,N/A,N/A,N/A,N/A,N/A
"Law, Gov't & Politics (Legacy)",Business,Native,United Kingdom,Desktop,1,$8.12  ~ $8.33 ,N/A,N/A,N/A,N/A,N/A
"Law, Gov't & Politics (Legacy)",Business,Native,United States,Desktop,4,$9.18  ~ $9.39 ,$20.34 ,N/A,0.05%,N/A,N/A
"Law, Gov't & Politics (Legacy)",Business,Outstream,United Kingdom,Desktop,6,$7.32  ~ $7.50 ,N/A,N/A,N/A,N/A,N/A
"Law, Gov't & Politics (Legacy)",Business,Outstream,United States,Desktop,8,$8.92  ~ $9.41 ,$16.00 ,N/A,0.06%,N/A,N/A
"Law, Gov't & Politics (Legacy)",Careers,Outstream,United States,Desktop,1,$7.81  ~ $9.22 ,N/A,N/A,N/A,N/A,N/A
"Law, Gov't & Politics (Legacy)",Food & Drink,Outstream,United States,Desktop,5,$5.11  ~ $11.72 ,N/A,N/A,N/A,N/A,N/A
"Law, Gov't & Politics (Legacy)",Food & Drink,Outstream,United States,Mobile Web,1,$7.30  ~ $14.97 ,$3.55 ,$8.13 ,0.21%,N/A,N/A
"Law, Gov't & Politics (Legacy)","Law, Gov't & Politics",Outstream,United States,Desktop,8,$10.18  ~ $10.58 ,N/A,N/A,N/A,N/A,N/A
"Law, Gov't & Politics (Legacy)",Job Search,Outstream,United States,Desktop,1,$11.77  ~ $12.76 ,N/A,N/A,N/A,N/A,N/A
"Law, Gov't & Politics (Legacy)",Arts & Entertainment,Outstream,United States,Mobile Web,1,$7.53  ~ $8.51 ,$2.31 ,N/A,0.33%,N/A,N/A
"Law, Gov't & Politics (Legacy)",Arts & Entertainment,Outstream,United Kingdom,Mobile Web,1,$6.47  ~ $8.15 ,N/A,N/A,N/A,N/A,N/A
"Law, Gov't & Politics (Legacy)",Shopping,Outstream,United Kingdom,Desktop,1,$5.11  ~ $6.71 ,N/A,N/A,N/A,N/A,N/A
"Law, Gov't & Politics (Legacy)",Shopping,Outstream,United States,Desktop,2,$5.65  ~ $8.17 ,$13.18 ,$12.32 ,0.04%,N/A,N/A
"Law, Gov't & Politics (Legacy)",Education,Outstream,United States,Desktop,1,$8.01  ~ $8.07 ,$41.88 ,N/A,0.02%,N/A,N/A
"Law, Gov't & Politics (Legacy)",Travel,Outstream,United States,Desktop,1,$6.67  ~ $9.79 ,$26.11 ,N/A,0.03%,N/A,N/A
"Law, Gov't & Politics (Legacy)",Travel,Outstream,United Kingdom,Desktop,7,$1.00  ~ $8.14 ,$1.87 ,N/A,0.05%,N/A,N/A
"Law, Gov't & Politics (Legacy)",Personal Finance,Outstream,United States,Desktop,8,$6.74  ~ $9.12 ,$44.14 ,$172.15 ,0.02%,N/A,N/A
"Law, Gov't & Politics (Legacy)",Health & Fitness,Outstream,United States,Desktop,4,$7.44  ~ $11.46 ,$65.01 ,$24.55 ,0.01%,N/A,N/A
"Law, Gov't & Politics (Legacy)",Health & Fitness,Outstream,United Kingdom,Mobile Web,6,$3.44  ~ $3.45 ,$4.96 ,N/A,0.07%,N/A,N/A
"Law, Gov't & Politics (Legacy)",Advertising,Native,United States,Desktop,1,$3.33  ~ $8.85 ,N/A,N/A,N/A,N/A,N/A
"Law, Gov't & Politics (Legacy)",Business,Native,Mexico,Desktop,1,$0.00  ~ $0.00 ,N/A,N/A,N/A,N/A,N/A
News (Legacy),Green Solutions,Outstream,United Kingdom,Desktop,2,$2.35  ~ $4.84 ,N/A,N/A,N/A,N/A,N/A
News (Legacy),Home Repair,Native,United States,Desktop,1,$8.05  ~ $8.38 ,N/A,N/A,N/A,N/A,N/A
News (Legacy),"Law, Gov't & Politics",Native,United States,Mobile Web,1,$9.36  ~ $9.79 ,$6.82 ,N/A,0.14%,N/A,N/A
News (Legacy),"Law, Gov't & Politics",Outstream,United States,Desktop,42,$10.06  ~ $10.35 ,$65.64 ,N/A,0.02%,N/A,N/A
News (Legacy),"Law, Gov't & Politics",Outstream,United States,Mobile Web,1,$9.48  ~ $9.61 ,$8.37 ,N/A,0.11%,N/A,N/A
News (Legacy),News,Native,United States,Desktop,5,$11.66  ~ $12.76 ,$19.98 ,N/A,0.06%,N/A,N/A
News (Legacy),News,Outstream,United States,Desktop,23,$11.65  ~ $13.31 ,$40.90 ,N/A,0.03%,N/A,N/A
News (Legacy),News,Outstream,United States,Mobile Web,14,$11.21  ~ $11.50 ,$4.90 ,$26.47 ,0.23%,N/A,N/A
News (Legacy),Shopping,Outstream,United Kingdom,Desktop,9,$4.99  ~ $6.88 ,N/A,N/A,N/A,N/A,N/A
News (Legacy),Shopping,Outstream,United Kingdom,Mobile Web,4,$5.56  ~ $7.10 ,$6.30 ,N/A,0.09%,N/A,N/A
News (Legacy),Shopping,Outstream,United States,Desktop,17,$5.82  ~ $8.84 ,$21.25 ,$106.37 ,0.03%,N/A,N/A
News (Legacy),Shopping,Outstream,United States,Mobile Web,5,$5.32  ~ $8.10 ,$6.45 ,$225.21 ,0.08%,N/A,N/A
News (Legacy),Home & Garden,Outstream,United States,Desktop,26,$7.03  ~ $7.67 ,$60.16 ,N/A,0.01%,N/A,N/A
News (Legacy),Home & Garden,Outstream,United States,Mobile Web,5,$7.66  ~ $8.46 ,$13.82 ,$279.99 ,0.06%,N/A,N/A
News (Legacy),Personal Finance,Native,United States,Desktop,2,$7.04  ~ $8.90 ,$11.02 ,$37.21 ,0.06%,N/A,N/A
News (Legacy),Personal Finance,Native,United States,Mobile Web,4,$8.31  ~ $8.45 ,$14.05 ,$52.51 ,0.06%,N/A,N/A
News (Legacy),Personal Finance,Outstream,United Kingdom,Desktop,1,$7.69  ~ $8.03 ,$7.08 ,N/A,0.11%,N/A,N/A
News (Legacy),Personal Finance,Outstream,United States,Desktop,9,$7.07  ~ $8.87 ,$22.56 ,$75.21 ,0.03%,N/A,N/A
News (Legacy),Personal Finance,Outstream,United States,Mobile Web,18,$7.10  ~ $7.35 ,$11.65 ,$135.26 ,0.06%,N/A,N/A
News (Legacy),Advertising,Native,United States,Mobile Web,1,$1.44  ~ $9.00 ,N/A,N/A,N/A,N/A,N/A
News (Legacy),Advertising,Native,Canada,Desktop,13,$4.88  ~ $10.88 ,N/A,N/A,N/A,N/A,N/A
News (Legacy),Advertising,Outstream,United States,Desktop,6,$3.08  ~ $9.52 ,$19.65 ,N/A,0.02%,N/A,N/A
News (Legacy),Advertising,Outstream,United States,Mobile Web,8,$0.85  ~ $9.10 ,$4.45 ,$22.14 ,0.02%,N/A,N/A
News (Legacy),Advertising,Outstream,Canada,Desktop,32,$2.10  ~ $8.06 ,$7.39 ,N/A,0.03%,N/A,N/A
News (Legacy),Metals,Outstream,United States,Mobile Web,1,$10.44  ~ $11.14 ,$6.13 ,N/A,0.18%,N/A,N/A
News (Legacy),Metals,Outstream,United States,Tablet,1,$9.60  ~ $11.51 ,N/A,N/A,N/A,N/A,N/A
News (Legacy),Arts & Entertainment,Native,United States,Desktop,4,$6.60  ~ $6.72 ,N/A,N/A,N/A,N/A,N/A
News (Legacy),Arts & Entertainment,Outstream,Canada,Desktop,1,$5.83  ~ $8.02 ,$1.31 ,N/A,0.44%,N/A,N/A
News (Legacy),Arts & Entertainment,Outstream,United States,Desktop,28,$6.69  ~ $11.00 ,$66.34 ,$50.76 ,0.01%,N/A,N/A
News (Legacy),Arts & Entertainment,Outstream,United States,Mobile Web,10,$6.53  ~ $9.11 ,$4.14 ,N/A,0.16%,N/A,N/A
News (Legacy),Arts & Entertainment,Outstream,United Kingdom,Desktop,10,$7.31  ~ $8.41 ,N/A,N/A,N/A,N/A,N/A
News (Legacy),Arts & Entertainment,Outstream,United Kingdom,Mobile Web,2,$6.72  ~ $8.24 ,$3.62 ,N/A,0.19%,N/A,N/A
News (Legacy),Biotech/Biomedical,Outstream,United States,Desktop,1,$11.85  ~ $17.06 ,N/A,N/A,N/A,N/A,N/A
News (Legacy),Careers,Outstream,United States,Desktop,1,$8.29  ~ $8.92 ,N/A,N/A,N/A,N/A,N/A
News (Legacy),Careers,Outstream,United States,Mobile Web,3,$7.03  ~ $9.10 ,$3.89 ,$20.83 ,0.18%,N/A,N/A
News (Legacy),Careers,Native,United States,Desktop,1,$8.29  ~ $9.03 ,N/A,N/A,N/A,N/A,N/A
News (Legacy),Careers,Native,United States,Tablet,1,$7.35  ~ $8.99 ,N/A,N/A,N/A,N/A,N/A
News (Legacy),Education,Outstream,United Kingdom,Desktop,7,$5.53  ~ $7.35 ,N/A,N/A,N/A,N/A,N/A
News (Legacy),Education,Outstream,United States,Desktop,7,$7.77  ~ $8.15 ,$64.82 ,$238.45 ,0.01%,N/A,N/A
News (Legacy),Education,Outstream,United States,Mobile Web,10,$7.60  ~ $7.77 ,$7.95 ,$95.28 ,0.10%,N/A,N/A
News (Legacy),Education,Instream,United States,Mobile Web,3,$7.89  ~ $9.60 ,N/A,N/A,N/A,N/A,N/A
News (Legacy),Education,Native,United States,Desktop,2,$7.78  ~ $7.82 ,N/A,N/A,N/A,N/A,N/A
News (Legacy),Psychology/Psychiatry,Outstream,United States,Desktop,3,$11.47  ~ $11.51 ,N/A,N/A,N/A,N/A,N/A
News (Legacy),Interior Decorating,Native,United States,Mobile Web,1,$5.01  ~ $5.54 ,N/A,N/A,N/A,N/A,N/A
News (Legacy),Interior Decorating,Outstream,United States,Desktop,7,$5.71  ~ $5.95 ,$16.93 ,N/A,0.03%,N/A,N/A
News (Legacy),Interior Decorating,Outstream,United States,Mobile Web,6,$3.74  ~ $4.32 ,$6.30 ,$28.35 ,0.07%,N/A,N/A
News (Legacy),Travel,Outstream,United Kingdom,Mobile Web,2,$4.34  ~ $7.72 ,N/A,N/A,N/A,N/A,N/A
News (Legacy),Travel,Outstream,United Kingdom,Desktop,4,$4.20  ~ $7.97 ,N/A,N/A,N/A,N/A,N/A
News (Legacy),Travel,Outstream,United States,Desktop,20,$6.04  ~ $9.54 ,$35.03 ,$208.96 ,0.02%,N/A,N/A
News (Legacy),Travel,Outstream,United States,Mobile Web,1,$5.92  ~ $8.65 ,$8.63 ,$68.72 ,0.07%,N/A,N/A
News (Legacy),Travel,Native,United States,Desktop,1,$5.81  ~ $9.53 ,N/A,N/A,N/A,N/A,N/A
News (Legacy),Travel,Native,United States,Tablet,2,$4.32  ~ $9.75 ,N/A,N/A,N/A,N/A,N/A
News (Legacy),Business Software,Native,United States,Desktop,4,$12.15  ~ $18.27 ,$41.52 ,N/A,0.03%,N/A,N/A
News (Legacy),Business Software,Outstream,United Kingdom,Mobile Web,1,$8.27  ~ $16.80 ,$5.89 ,N/A,0.14%,N/A,N/A
News (Legacy),Business Software,Outstream,United States,Desktop,6,$12.74  ~ $17.89 ,$60.72 ,N/A,0.02%,N/A,N/A
News (Legacy),Business Software,Outstream,United States,Mobile Web,4,$16.30  ~ $17.52 ,$7.47 ,N/A,0.23%,N/A,N/A
News (Legacy),Air Travel,Native,United States,Mobile Web,1,$6.50  ~ $6.50 ,N/A,N/A,N/A,N/A,N/A
News (Legacy),Air Travel,Outstream,United States,Mobile Web,3,$6.74  ~ $6.74 ,$2.31 ,N/A,0.29%,N/A,N/A
News (Legacy),Job Search,Outstream,United States,Desktop,1,$14.09  ~ $19.72 ,N/A,N/A,N/A,N/A,N/A
News (Legacy),Arthritis,Outstream,United States,Mobile Web,2,$4.44  ~ $4.44 ,$3.01 ,N/A,0.15%,N/A,N/A
News (Legacy),Remodeling & Construction,Outstream,United States,Desktop,2,$7.27  ~ $17.41 ,N/A,N/A,N/A,N/A,N/A
News (Legacy),Real Estate,Native,United Kingdom,Desktop,1,$8.66  ~ $10.48 ,$2.20 ,N/A,0.48%,N/A,N/A
News (Legacy),Real Estate,Outstream,United Kingdom,Desktop,15,$7.37  ~ $9.81 ,$5.21 ,N/A,0.19%,N/A,N/A
News (Legacy),Real Estate,Outstream,United Kingdom,Mobile Web,1,$6.86  ~ $7.38 ,$13.21 ,N/A,0.06%,N/A,N/A
News (Legacy),Apartments,Outstream,United Kingdom,Desktop,1,$7.28  ~ $7.29 ,N/A,N/A,N/A,N/A,N/A
News (Legacy),College,Outstream,United States,Mobile Web,2,$5.71  ~ $7.83 ,$14.29 ,N/A,0.05%,N/A,N/A
News (Legacy),Pediatrics,Outstream,United States,Desktop,1,$7.02  ~ $14.97 ,N/A,N/A,N/A,N/A,N/A
News (Legacy),Business,Native,Mexico,Desktop,1,$7.19  ~ $7.90 ,N/A,N/A,N/A,N/A,N/A
News (Legacy),Business,Native,Canada,Desktop,1,$7.70  ~ $7.73 ,N/A,N/A,N/A,N/A,N/A
News (Legacy),Business,Native,United Kingdom,Desktop,1,$7.24  ~ $7.49 ,N/A,N/A,N/A,N/A,N/A
News (Legacy),Business,Native,United States,Tablet,1,$7.25  ~ $8.38 ,$12.92 ,N/A,0.06%,N/A,N/A
News (Legacy),Business,Native,United States,Desktop,10,$8.49  ~ $9.59 ,$41.01 ,N/A,0.02%,N/A,N/A
News (Legacy),Business,Native,United States,Mobile Web,4,$8.29  ~ $8.34 ,$7.27 ,N/A,0.11%,N/A,N/A
News (Legacy),Business,Outstream,Canada,Desktop,2,$6.21  ~ $7.37 ,N/A,N/A,N/A,N/A,N/A
News (Legacy),Business,Outstream,Canada,Mobile Web,1,$4.68  ~ $7.83 ,$10.63 ,$29.97 ,0.04%,N/A,N/A
News (Legacy),Business,Outstream,United Kingdom,Desktop,60,$6.54  ~ $6.76 ,$21.70 ,N/A,0.03%,N/A,N/A
News (Legacy),Business,Outstream,United Kingdom,Mobile Web,16,$5.54  ~ $5.67 ,$8.24 ,N/A,0.07%,N/A,N/A
News (Legacy),Business,Outstream,United Kingdom,Tablet,2,$6.10  ~ $7.48 ,N/A,N/A,N/A,N/A,N/A
News (Legacy),Business,Outstream,Ireland,Desktop,1,$9.73  ~ $11.35 ,N/A,N/A,N/A,N/A,N/A
News (Legacy),Business,Outstream,United States,Desktop,53,$8.88  ~ $9.40 ,$74.49 ,$309.37 ,0.01%,N/A,N/A
News (Legacy),Business,Outstream,United States,Mobile Web,25,$8.35  ~ $9.00 ,$8.41 ,$99.87 ,0.10%,N/A,N/A
News (Legacy),Business,Outstream,United States,Tablet,6,$7.67  ~ $8.08 ,$17.69 ,N/A,0.05%,N/A,N/A
News (Legacy),Hobbies & Interests,Native,United States,Tablet,1,$6.31  ~ $9.16 ,N/A,N/A,N/A,N/A,N/A
News (Legacy),Hobbies & Interests,Native,United Kingdom,Desktop,2,$3.64  ~ $3.64 ,N/A,N/A,N/A,N/A,N/A
News (Legacy),Hobbies & Interests,Native,Canada,Desktop,1,$8.18  ~ $17.42 ,N/A,N/A,N/A,N/A,N/A
News (Legacy),Hobbies & Interests,Outstream,United States,Desktop,9,$9.10  ~ $11.22 ,$86.38 ,N/A,0.01%,N/A,N/A
News (Legacy),Hobbies & Interests,Outstream,United States,Mobile Web,2,$7.35  ~ $8.41 ,$8.49 ,$37.41 ,0.09%,N/A,N/A
News (Legacy),Hobbies & Interests,Outstream,United States,Tablet,2,$7.47  ~ $8.75 ,N/A,N/A,N/A,N/A,N/A
News (Legacy),Hobbies & Interests,Outstream,United Kingdom,Desktop,4,$2.52  ~ $2.52 ,$7.37 ,N/A,0.03%,N/A,N/A
News (Legacy),Hobbies & Interests,Outstream,United Kingdom,Mobile Web,2,$1.93  ~ $1.93 ,$2.85 ,N/A,0.07%,N/A,N/A
News (Legacy),Investors & Patents,Outstream,United States,Desktop,1,$60.71  ~ $60.71 ,N/A,N/A,N/A,N/A,N/A
News (Legacy),Cold & Flu,Outstream,United States,Mobile Web,1,$7.26  ~ $8.04 ,$9.07 ,$10.19 ,0.08%,N/A,N/A
News (Legacy),Family & Parenting,Outstream,United States,Mobile Web,1,$6.16  ~ $9.43 ,$4.84 ,$18.85 ,0.13%,N/A,N/A
News (Legacy),Health & Fitness,Instream,United States,Mobile Web,1,$7.44  ~ $8.10 ,N/A,N/A,N/A,N/A,N/A
News (Legacy),Health & Fitness,Native,United States,Desktop,1,$8.87  ~ $10.60 ,$35.73 ,$62.38 ,0.02%,N/A,N/A
News (Legacy),Health & Fitness,Native,United States,Mobile Web,1,$8.97  ~ $14.55 ,$10.00 ,$18.73 ,0.09%,N/A,N/A
News (Legacy),Health & Fitness,Outstream,United States,Desktop,27,$9.12  ~ $11.25 ,$103.78 ,N/A,0.01%,N/A,N/A
News (Legacy),Health & Fitness,Outstream,United States,Mobile Web,2,$6.46  ~ $15.05 ,$9.82 ,$50.75 ,0.07%,N/A,N/A
News (Legacy),Health & Fitness,Outstream,United Kingdom,Desktop,3,$3.80  ~ $3.83 ,$9.18 ,N/A,0.04%,N/A,N/A
News (Legacy),Health & Fitness,Outstream,United Kingdom,Mobile Web,7,$3.01  ~ $3.13 ,$8.21 ,N/A,0.04%,N/A,N/A
News (Legacy),Pets,Native,United States,Desktop,1,$7.23  ~ $15.98 ,N/A,N/A,N/A,N/A,N/A
News (Legacy),Large Animals,Native,United States,Mobile Web,1,$8.04  ~ $10.71 ,N/A,N/A,N/A,N/A,N/A
News (Legacy),Computer Peripherals,Outstream,Ireland,Desktop,2,$5.85  ~ $12.17 ,N/A,N/A,N/A,N/A,N/A
News (Legacy),Automotive,Outstream,United States,Desktop,4,$3.74  ~ $7.40 ,$67.99 ,N/A,0.01%,N/A,N/A
News (Legacy),Automotive,Outstream,United States,Mobile Web,3,$4.17  ~ $5.86 ,$9.88 ,$107.85 ,0.06%,N/A,N/A
News (Legacy),Automotive,Outstream,United Kingdom,Desktop,1,$9.23  ~ $21.69 ,N/A,N/A,N/A,N/A,N/A
News (Legacy),Automotive,Native,United States,Desktop,1,$3.68  ~ $7.58 ,$44.80 ,N/A,0.02%,N/A,N/A
News (Legacy),Automotive,Instream,United States,Mobile Web,4,$4.33  ~ $7.97 ,N/A,N/A,N/A,N/A,N/A
News (Legacy),Food & Drink,Outstream,United States,Desktop,12,$4.86  ~ $11.27 ,$60.17 ,N/A,0.01%,N/A,N/A
News (Legacy),Food & Drink,Outstream,United States,Mobile Web,7,$6.58  ~ $13.22 ,$6.70 ,$37.64 ,0.10%,N/A,N/A
News (Legacy),Food & Drink,Native,United States,Mobile Web,1,$7.21  ~ $16.05 ,$5.56 ,N/A,0.13%,N/A,N/A
News (Legacy),Agriculture,Outstream,United States,Desktop,2,$0.00  ~ $0.00 ,N/A,N/A,N/A,N/A,N/A
News (Legacy),Agriculture,Native,United States,Desktop,1,$0.00  ~ $0.00 ,N/A,N/A,N/A,N/A,N/A
News (Legacy),Honeymoons/Getaways,Outstream,United Kingdom,Desktop,1,$0.00  ~ $0.00 ,N/A,N/A,N/A,N/A,N/A
News (Legacy),Insurance,Outstream,United Kingdom,Desktop,3,$0.00  ~ $0.00 ,N/A,N/A,N/A,N/A,N/A
News (Legacy),"Law, Gov't & Politics",Outstream,Mexico,Mobile Web,1,$0.00  ~ $0.00 ,N/A,N/A,N/A,N/A,N/A
News (Legacy),Music,Outstream,United States,Mobile Web,1,$0.00  ~ $0.00 ,N/A,N/A,N/A,N/A,N/A
News (Legacy),Food & Drink,Outstream,United Kingdom,Desktop,1,$0.00  ~ $0.00 ,N/A,N/A,N/A,N/A,N/A
News (Legacy),Personal Finance,Instream,United Kingdom,Desktop,3,$0.00  ~ $0.00 ,N/A,N/A,N/A,N/A,N/A
News (Legacy),Legal Issues,Outstream,United Kingdom,Mobile Web,4,$0.00  ~ $0.00 ,N/A,N/A,N/A,N/A,N/A
News (Legacy),Legal Issues,Outstream,United Kingdom,Desktop,7,$0.00  ~ $0.00 ,N/A,N/A,N/A,N/A,N/A
News (Legacy),Shopping,Outstream,Ireland,Mobile Web,3,$0.00  ~ $0.00 ,N/A,N/A,N/A,N/A,N/A
News (Legacy),Shopping,Instream,Ireland,Mobile Web,1,$0.00  ~ $0.00 ,N/A,N/A,N/A,N/A,N/A
News (Legacy),Computer Peripherals,Outstream,United States,Desktop,1,$0.00  ~ $0.00 ,N/A,N/A,N/A,N/A,N/A
Personal Finance (Legacy),Education,Outstream,United States,Mobile Web,1,$7.38  ~ $8.24 ,$9.94 ,$25.71 ,0.08%,N/A,N/A
Personal Finance (Legacy),Education,Outstream,United States,Desktop,1,$8.52  ~ $8.59 ,N/A,N/A,N/A,N/A,N/A
Personal Finance (Legacy),Home & Garden,Outstream,United States,Mobile Web,2,$7.50  ~ $7.63 ,$12.64 ,N/A,0.06%,N/A,N/A
Personal Finance (Legacy),Personal Finance,Native,United States,Mobile Web,1,$7.57  ~ $8.45 ,$7.82 ,$20.94 ,0.10%,N/A,N/A
Personal Finance (Legacy),Personal Finance,Outstream,United Kingdom,Desktop,2,$7.24  ~ $7.35 ,N/A,N/A,N/A,N/A,N/A
Personal Finance (Legacy),Personal Finance,Outstream,United States,Mobile Web,2,$7.39  ~ $8.31 ,$6.18 ,$92.20 ,0.12%,N/A,N/A
Personal Finance (Legacy),Travel,Outstream,United States,Desktop,11,$6.06  ~ $9.43 ,N/A,N/A,N/A,N/A,N/A
Personal Finance (Legacy),Travel,Outstream,United States,Mobile Web,4,$7.54  ~ $10.76 ,$10.00 ,$19.51 ,0.08%,N/A,N/A
Personal Finance (Legacy),Computer Peripherals,Outstream,United Kingdom,Desktop,1,$10.29  ~ $12.14 ,N/A,N/A,N/A,N/A,N/A
Personal Finance (Legacy),Graduate School,Outstream,United States,Desktop,1,$8.03  ~ $8.66 ,N/A,N/A,N/A,N/A,N/A
Personal Finance (Legacy),Food & Drink,Outstream,United States,Mobile Web,1,$7.33  ~ $16.45 ,$2.91 ,$6.98 ,0.25%,N/A,N/A
Personal Finance (Legacy),Health & Fitness,Outstream,United States,Desktop,2,$7.58  ~ $11.76 ,$47.55 ,N/A,0.02%,N/A,N/A
Personal Finance (Legacy),Health & Fitness,Native,United States,Mobile Web,1,$9.60  ~ $16.23 ,$8.04 ,N/A,0.12%,N/A,N/A
Personal Finance (Legacy),Arts & Entertainment,Native,United States,Desktop,3,$7.46  ~ $10.56 ,N/A,N/A,N/A,N/A,N/A
Personal Finance (Legacy),Shopping,Outstream,United States,Mobile Web,1,$6.43  ~ $6.80 ,$4.94 ,$15.51 ,0.13%,N/A,N/A
Personal Finance (Legacy),Business,Native,United States,Desktop,1,$10.03  ~ $10.24 ,N/A,N/A,N/A,N/A,N/A
Personal Finance (Legacy),Business,Outstream,United Kingdom,Desktop,5,$7.29  ~ $7.86 ,$13.94 ,N/A,0.06%,N/A,N/A
Personal Finance (Legacy),Business,Outstream,United States,Desktop,7,$10.85  ~ $11.86 ,N/A,N/A,N/A,N/A,N/A
Personal Finance (Legacy),Business,Outstream,United States,Mobile Web,3,$9.58  ~ $9.90 ,$9.21 ,$29.98 ,0.11%,N/A,N/A
Personal Finance (Legacy),Careers,Native,United States,Desktop,1,$8.85  ~ $9.11 ,N/A,N/A,N/A,N/A,N/A
Personal Finance (Legacy),Careers,Outstream,United States,Desktop,1,$8.87  ~ $8.98 ,N/A,N/A,N/A,N/A,N/A
Personal Finance (Legacy),Careers,Outstream,United States,Mobile Web,3,$7.62  ~ $9.00 ,$9.08 ,$5.95 ,0.08%,N/A,N/A
Personal Finance (Legacy),"Law, Gov't & Politics",Outstream,United States,Desktop,1,$10.13  ~ $10.16 ,N/A,N/A,N/A,N/A,N/A
Personal Finance (Legacy),Hobbies & Interests,Outstream,United Kingdom,Desktop,2,$2.49  ~ $2.49 ,N/A,N/A,N/A,N/A,N/A
Personal Finance (Legacy),Hobbies & Interests,Outstream,United States,Desktop,1,$8.35  ~ $10.80 ,$5.66 ,N/A,0.15%,N/A,N/A
Pets (Legacy),Home & Garden,Outstream,United States,Desktop,1,$7.48  ~ $8.12 ,N/A,N/A,N/A,N/A,N/A
Pets (Legacy),Home & Garden,Outstream,United States,Mobile Web,1,$7.92  ~ $9.02 ,N/A,N/A,N/A,N/A,N/A
Pets (Legacy),Shopping,Native,United States,Desktop,2,$6.18  ~ $7.41 ,N/A,N/A,N/A,N/A,N/A
Pets (Legacy),Shopping,Outstream,United States,Desktop,15,$5.69  ~ $6.91 ,$5.10 ,N/A,0.11%,N/A,N/A
Pets (Legacy),Shopping,Outstream,United States,Mobile Web,1,$5.54  ~ $5.80 ,$13.60 ,N/A,0.04%,N/A,N/A
Pets (Legacy),Hobbies & Interests,Outstream,United Kingdom,Desktop,1,$2.49  ~ $2.49 ,N/A,N/A,N/A,N/A,N/A
Pets (Legacy),Business Software,Native,United States,Desktop,4,$10.94  ~ $17.57 ,N/A,N/A,N/A,N/A,N/A
Pets (Legacy),Business Software,Outstream,United States,Desktop,4,$11.10  ~ $15.08 ,N/A,N/A,N/A,N/A,N/A
Pets (Legacy),Personal Finance,Outstream,United States,Desktop,1,$6.80  ~ $8.00 ,$14.66 ,N/A,0.05%,N/A,N/A
Pets (Legacy),Business,Native,United States,Mobile Web,1,$8.02  ~ $8.72 ,N/A,N/A,N/A,N/A,N/A
Pets (Legacy),Business,Outstream,United States,Desktop,1,$8.93  ~ $9.25 ,N/A,N/A,N/A,N/A,N/A
Pets (Legacy),Business,Outstream,United States,Mobile Web,2,$8.67  ~ $8.94 ,$11.72 ,N/A,0.08%,N/A,N/A
Pets (Legacy),Health & Fitness,Outstream,Ireland,Desktop,1,$0.00  ~ $0.00 ,N/A,N/A,N/A,N/A,N/A
Real Estate (Legacy),Computer Peripherals,Outstream,United Kingdom,Desktop,1,$5.52  ~ $12.13 ,N/A,N/A,N/A,N/A,N/A
Real Estate (Legacy),Arts & Entertainment,Outstream,United States,Desktop,1,$7.23  ~ $11.75 ,N/A,N/A,N/A,N/A,N/A
Real Estate (Legacy),Personal Finance,Outstream,United States,Desktop,2,$6.69  ~ $9.17 ,$9.57 ,$81.98 ,0.07%,N/A,N/A
Real Estate (Legacy),Food & Drink,Outstream,United States,Desktop,5,$6.01  ~ $14.48 ,N/A,N/A,N/A,N/A,N/A
Real Estate (Legacy),Psychology/Psychiatry,Outstream,United States,Desktop,2,$18.86  ~ $42.70 ,N/A,N/A,N/A,N/A,N/A
Real Estate (Legacy),Buying/Selling Cars,Outstream,United States,Desktop,3,$7.31  ~ $8.02 ,N/A,N/A,N/A,N/A,N/A
Real Estate (Legacy),Education,Outstream,United States,Desktop,3,$8.68  ~ $8.70 ,$45.97 ,$43.22 ,0.02%,N/A,N/A
Real Estate (Legacy),Business,Outstream,United Kingdom,Desktop,2,$5.94  ~ $6.04 ,N/A,N/A,N/A,N/A,N/A
Real Estate (Legacy),Business,Outstream,United States,Desktop,6,$9.33  ~ $9.36 ,$24.77 ,N/A,0.04%,N/A,N/A
Real Estate (Legacy),Business,Outstream,United States,Mobile Web,1,$9.01  ~ $9.36 ,$3.59 ,N/A,0.25%,N/A,N/A
Real Estate (Legacy),Interior Decorating,Outstream,United States,Desktop,4,$4.42  ~ $6.38 ,N/A,N/A,N/A,N/A,N/A
Real Estate (Legacy),Interior Decorating,Outstream,United States,Tablet,1,$4.96  ~ $5.36 ,$0.99 ,$0.99 ,0.54%,N/A,N/A
Real Estate (Legacy),Home & Garden,Outstream,United States,Desktop,2,$6.65  ~ $7.02 ,N/A,N/A,N/A,N/A,N/A
Real Estate (Legacy),Shopping,Native,United States,Desktop,1,$6.00  ~ $7.66 ,$2.41 ,N/A,0.25%,N/A,N/A
Real Estate (Legacy),Shopping,Outstream,United Kingdom,Desktop,3,$4.98  ~ $6.78 ,N/A,N/A,N/A,N/A,N/A
Real Estate (Legacy),Shopping,Outstream,United States,Desktop,1,$5.84  ~ $7.02 ,$33.95 ,N/A,0.02%,N/A,N/A
Real Estate (Legacy),Real Estate,Outstream,United States,Desktop,4,$5.97  ~ $6.63 ,$4.60 ,$4.20 ,0.14%,N/A,N/A
Real Estate (Legacy),Cruises,Outstream,United States,Desktop,1,$5.27  ~ $6.05 ,N/A,N/A,N/A,N/A,N/A
Real Estate (Legacy),Health & Fitness,Outstream,United Kingdom,Desktop,1,$4.08  ~ $4.17 ,N/A,N/A,N/A,N/A,N/A
Real Estate (Legacy),Health & Fitness,Outstream,United States,Desktop,2,$7.93  ~ $10.03 ,N/A,N/A,N/A,N/A,N/A
Real Estate (Legacy),Food & Drink,Outstream,United Kingdom,Desktop,1,$0.00  ~ $0.00 ,N/A,N/A,N/A,N/A,N/A
Religion & Spirituality (Legacy),Advertising,Outstream,United States,Mobile Web,1,$0.45  ~ $8.15 ,N/A,N/A,N/A,N/A,N/A
Religion & Spirituality (Legacy),Home & Garden,Native,United States,Desktop,1,$6.19  ~ $7.91 ,N/A,N/A,N/A,N/A,N/A
Science (Legacy),Careers,Outstream,United States,Desktop,3,$7.15  ~ $8.79 ,N/A,N/A,N/A,N/A,N/A
Science (Legacy),Biotech/Biomedical,Outstream,United States,Desktop,2,$10.70  ~ $16.65 ,N/A,N/A,N/A,N/A,N/A
Science (Legacy),"Law, Gov't & Politics",Outstream,United States,Desktop,9,$10.33  ~ $10.33 ,N/A,N/A,N/A,N/A,N/A
Science (Legacy),Home Repair,Outstream,United States,Desktop,1,$7.87  ~ $8.19 ,N/A,N/A,N/A,N/A,N/A
Science (Legacy),Personal Finance,Native,United States,Desktop,3,$6.17  ~ $8.96 ,N/A,N/A,N/A,N/A,N/A
Science (Legacy),Personal Finance,Outstream,United States,Desktop,9,$6.39  ~ $8.43 ,$16.82 ,N/A,0.04%,N/A,N/A
Science (Legacy),Education,Native,United States,Desktop,2,$8.16  ~ $8.40 ,N/A,N/A,N/A,N/A,N/A
Science (Legacy),Education,Outstream,United States,Desktop,4,$8.15  ~ $8.29 ,N/A,N/A,N/A,N/A,N/A
Science (Legacy),Politics,Native,United States,Desktop,1,$8.03  ~ $8.03 ,N/A,N/A,N/A,N/A,N/A
Science (Legacy),Appliances,Native,United States,Desktop,1,$3.03  ~ $7.00 ,N/A,N/A,N/A,N/A,N/A
Science (Legacy),Real Estate,Outstream,United Kingdom,Desktop,2,$8.77  ~ $10.49 ,N/A,N/A,N/A,N/A,N/A
Science (Legacy),Health & Fitness,Outstream,United States,Desktop,5,$8.86  ~ $10.50 ,$39.69 ,N/A,0.02%,N/A,N/A
Science (Legacy),Business,Native,United States,Desktop,2,$9.83  ~ $9.98 ,$15.89 ,N/A,0.06%,N/A,N/A
Science (Legacy),Business,Outstream,United Kingdom,Desktop,2,$5.83  ~ $6.29 ,N/A,N/A,N/A,N/A,N/A
Science (Legacy),Business,Outstream,United States,Desktop,18,$9.67  ~ $9.69 ,$68.48 ,N/A,0.01%,N/A,N/A
Science (Legacy),Business,Outstream,Ireland,Desktop,1,$13.57  ~ $13.57 ,N/A,N/A,N/A,N/A,N/A
Science (Legacy),Arts & Entertainment,Native,United States,Desktop,5,$6.02  ~ $7.68 ,N/A,N/A,N/A,N/A,N/A
Science (Legacy),Arts & Entertainment,Outstream,United States,Desktop,7,$6.45  ~ $9.69 ,N/A,N/A,N/A,N/A,N/A
Science (Legacy),Shopping,Native,United States,Desktop,1,$5.88  ~ $8.79 ,N/A,N/A,N/A,N/A,N/A
Science (Legacy),Shopping,Outstream,United States,Desktop,1,$5.79  ~ $8.16 ,N/A,N/A,N/A,N/A,N/A
Science (Legacy),Pediatrics,Outstream,United States,Desktop,1,$7.79  ~ $17.59 ,N/A,N/A,N/A,N/A,N/A
Science (Legacy),Pets,Outstream,United States,Desktop,1,$7.49  ~ $16.42 ,N/A,N/A,N/A,N/A,N/A
Science (Legacy),Home & Garden,Outstream,United States,Desktop,15,$6.76  ~ $8.52 ,$5.30 ,N/A,0.16%,N/A,N/A
Science (Legacy),Hobbies & Interests,Outstream,United States,Desktop,3,$8.54  ~ $11.32 ,N/A,N/A,N/A,N/A,N/A
Science (Legacy),Hobbies & Interests,Outstream,United Kingdom,Desktop,3,$2.35  ~ $2.35 ,$0.85 ,N/A,0.28%,N/A,N/A
Science (Legacy),News,Outstream,United States,Desktop,1,$10.54  ~ $12.58 ,$17.36 ,N/A,0.07%,N/A,N/A
Science (Legacy),Travel,Native,United States,Desktop,1,$7.58  ~ $10.46 ,N/A,N/A,N/A,N/A,N/A
Science (Legacy),Travel,Outstream,United States,Desktop,7,$7.35  ~ $10.32 ,N/A,N/A,N/A,N/A,N/A
Science (Legacy),Travel,Outstream,United Kingdom,Desktop,6,$2.42  ~ $7.84 ,N/A,N/A,N/A,N/A,N/A
Science (Legacy),Logistics,Outstream,United Kingdom,Desktop,1,$0.00  ~ $0.00 ,N/A,N/A,N/A,N/A,N/A
Science (Legacy),Agriculture,Outstream,United States,Desktop,1,$0.00  ~ $0.00 ,N/A,N/A,N/A,N/A,N/A
Shopping (Legacy),Arts & Entertainment,Outstream,United States,Desktop,1,$6.51  ~ $8.86 ,N/A,N/A,N/A,N/A,N/A
Shopping (Legacy),News,Native,United States,Desktop,1,$9.54  ~ $11.02 ,N/A,N/A,N/A,N/A,N/A
Shopping (Legacy),News,Outstream,United States,Desktop,1,$9.53  ~ $11.28 ,$8.51 ,N/A,0.13%,N/A,N/A
Shopping (Legacy),Health & Fitness,Native,United States,Desktop,1,$8.25  ~ $10.10 ,$10.06 ,$4.61 ,0.08%,N/A,N/A
Shopping (Legacy),Health & Fitness,Outstream,United States,Desktop,1,$8.08  ~ $11.05 ,$51.63 ,N/A,0.02%,N/A,N/A
Shopping (Legacy),Careers,Outstream,United States,Mobile Web,3,$8.63  ~ $9.42 ,$5.71 ,N/A,0.15%,N/A,N/A
Shopping (Legacy),Hobbies & Interests,Native,United Kingdom,Desktop,1,$2.92  ~ $2.92 ,N/A,N/A,N/A,N/A,N/A
Shopping (Legacy),Hobbies & Interests,Outstream,United Kingdom,Desktop,2,$1.66  ~ $1.66 ,N/A,N/A,N/A,N/A,N/A
Shopping (Legacy),Business,Native,United States,Desktop,3,$8.59  ~ $9.17 ,$28.01 ,N/A,0.03%,N/A,N/A
Shopping (Legacy),Business,Outstream,United States,Desktop,3,$8.72  ~ $9.02 ,$38.48 ,N/A,0.02%,N/A,N/A
Shopping (Legacy),Business,Outstream,United Kingdom,Desktop,1,$6.93  ~ $7.58 ,N/A,N/A,N/A,N/A,N/A
Shopping (Legacy),Food & Drink,Outstream,United States,Desktop,1,$5.91  ~ $12.95 ,N/A,N/A,N/A,N/A,N/A
Shopping (Legacy),Education,Outstream,United States,Desktop,1,$8.52  ~ $8.54 ,$37.02 ,N/A,0.02%,N/A,N/A
Shopping (Legacy),Travel,Outstream,United States,Desktop,1,$4.70  ~ $9.33 ,$13.54 ,N/A,0.03%,N/A,N/A
Shopping (Legacy),Travel,Outstream,United States,Mobile Web,4,$7.14  ~ $9.17 ,$13.35 ,N/A,0.05%,N/A,N/A
Shopping (Legacy),Advertising,Outstream,United States,Desktop,1,$1.17  ~ $9.04 ,N/A,N/A,N/A,N/A,N/A
Shopping (Legacy),Advertising,Outstream,United States,Mobile Web,4,$0.54  ~ $9.57 ,N/A,N/A,N/A,N/A,N/A
Shopping (Legacy),College,Native,United States,Desktop,1,$5.22  ~ $5.68 ,N/A,N/A,N/A,N/A,N/A
Shopping (Legacy),Personal Finance,Outstream,United States,Desktop,1,$6.60  ~ $8.52 ,$9.18 ,$42.32 ,0.07%,N/A,N/A
Shopping (Legacy),Home & Garden,Outstream,United States,Mobile Web,2,$7.48  ~ $8.26 ,$8.48 ,N/A,0.10%,N/A,N/A
Shopping (Legacy),Agriculture,Instream,United States,Desktop,1,$0.00  ~ $0.00 ,N/A,N/A,N/A,N/A,N/A
Society (Legacy),Job Search,Outstream,United States,Desktop,2,$11.35  ~ $12.26 ,N/A,N/A,N/A,N/A,N/A
Society (Legacy),Credit/Debt & Loans,Outstream,United States,Desktop,1,$6.27  ~ $8.43 ,N/A,N/A,N/A,N/A,N/A
Society (Legacy),Travel,Outstream,United States,Desktop,3,$5.75  ~ $9.01 ,$15.12 ,$10.14 ,0.04%,N/A,N/A
Society (Legacy),Advertising,Outstream,United States,Mobile Web,5,$1.53  ~ $8.52 ,$13.03 ,N/A,0.01%,N/A,N/A
Society (Legacy),Education,Outstream,United States,Desktop,7,$8.24  ~ $9.07 ,$15.24 ,N/A,0.06%,N/A,N/A
Society (Legacy),Food & Drink,Outstream,United States,Desktop,3,$6.03  ~ $14.15 ,$3.86 ,$2.22 ,0.16%,N/A,N/A
Society (Legacy),Shopping,Native,United States,Desktop,1,$5.21  ~ $5.31 ,N/A,N/A,N/A,N/A,N/A
Society (Legacy),Shopping,Outstream,United States,Desktop,7,$5.25  ~ $6.04 ,$15.02 ,N/A,0.03%,N/A,N/A
Society (Legacy),Interior Decorating,Outstream,United States,Desktop,1,$5.19  ~ $5.74 ,N/A,N/A,N/A,N/A,N/A
Society (Legacy),Business,Native,United States,Desktop,5,$7.97  ~ $9.16 ,$7.55 ,N/A,0.12%,N/A,N/A
Society (Legacy),Business,Outstream,United States,Desktop,22,$8.61  ~ $9.53 ,$24.89 ,$57.85 ,0.04%,N/A,N/A
Society (Legacy),Business,Outstream,United States,Mobile Web,1,$8.72  ~ $8.79 ,$28.48 ,N/A,0.03%,N/A,N/A
Society (Legacy),Health & Fitness,Outstream,United States,Desktop,4,$7.27  ~ $10.39 ,$14.98 ,$32.61 ,0.05%,N/A,N/A
Society (Legacy),Health & Fitness,Outstream,United States,Mobile Web,2,$5.86  ~ $11.20 ,$22.03 ,N/A,0.03%,N/A,N/A
Society (Legacy),Metals,Outstream,United States,Desktop,1,$10.39  ~ $10.65 ,N/A,N/A,N/A,N/A,N/A
Society (Legacy),Private School,Outstream,United States,Desktop,3,$6.66  ~ $15.93 ,N/A,N/A,N/A,N/A,N/A
Society (Legacy),Personal Finance,Outstream,United States,Desktop,6,$6.80  ~ $8.40 ,$17.42 ,N/A,0.04%,N/A,N/A
Society (Legacy),Personal Finance,Outstream,United States,Mobile Web,2,$7.09  ~ $7.49 ,$8.72 ,$45.25 ,0.08%,N/A,N/A
Society (Legacy),Personal Finance,Outstream,United States,Tablet,1,$6.88  ~ $7.99 ,N/A,N/A,N/A,N/A,N/A
Society (Legacy),Psychology/Psychiatry,Native,United States,Mobile Web,1,$11.44  ~ $11.91 ,N/A,N/A,N/A,N/A,N/A
Society (Legacy),Arts & Entertainment,Native,United States,Desktop,1,$7.20  ~ $9.59 ,N/A,N/A,N/A,N/A,N/A
Society (Legacy),Arts & Entertainment,Outstream,United States,Desktop,4,$7.00  ~ $9.32 ,N/A,N/A,N/A,N/A,N/A
Society (Legacy),Home & Garden,Outstream,United States,Desktop,17,$7.00  ~ $7.46 ,N/A,N/A,N/A,N/A,N/A
Society (Legacy),Home Repair,Native,United States,Desktop,1,$7.88  ~ $8.11 ,N/A,N/A,N/A,N/A,N/A
Society (Legacy),Real Estate,Outstream,United Kingdom,Desktop,1,$9.59  ~ $10.83 ,N/A,N/A,N/A,N/A,N/A
Sports (Legacy),Real Estate,Native,United Kingdom,Desktop,4,$9.83  ~ $10.65 ,N/A,N/A,N/A,N/A,N/A
Sports (Legacy),Real Estate,Outstream,United Kingdom,Desktop,2,$9.49  ~ $10.43 ,N/A,N/A,N/A,N/A,N/A
Sports (Legacy),Business Software,Native,United States,Desktop,2,$8.98  ~ $15.36 ,N/A,N/A,N/A,N/A,N/A
Sports (Legacy),Business Software,Outstream,United States,Desktop,4,$9.34  ~ $15.33 ,$29.10 ,$170.64 ,0.03%,N/A,N/A
Sports (Legacy),Family & Parenting,Outstream,United Kingdom,Desktop,1,$13.52  ~ $13.71 ,N/A,N/A,N/A,N/A,N/A
Sports (Legacy),Psychology/Psychiatry,Outstream,United States,Desktop,1,$11.43  ~ $11.75 ,N/A,N/A,N/A,N/A,N/A
Sports (Legacy),Cigars,Native,United States,Mobile Web,1,$10.67  ~ $11.73 ,$5.69 ,N/A,0.19%,N/A,N/A
Sports (Legacy),"Law, Gov't & Politics",Native,United States,Mobile Web,1,$9.73  ~ $9.92 ,N/A,N/A,N/A,N/A,N/A
Sports (Legacy),"Law, Gov't & Politics",Outstream,United States,Desktop,49,$10.05  ~ $10.06 ,$12.63 ,N/A,0.08%,N/A,N/A
Sports (Legacy),"Law, Gov't & Politics",Outstream,United States,Mobile Web,2,$9.73  ~ $10.10 ,$13.16 ,N/A,0.08%,N/A,N/A
Sports (Legacy),Credit/Debt & Loans,Outstream,United States,Desktop,1,$5.58  ~ $8.26 ,N/A,N/A,N/A,N/A,N/A
Sports (Legacy),Arts & Entertainment,Native,United States,Desktop,5,$6.31  ~ $6.59 ,N/A,N/A,N/A,N/A,N/A
Sports (Legacy),Arts & Entertainment,Outstream,United States,Mobile Web,2,$6.70  ~ $8.17 ,$6.00 ,N/A,0.11%,N/A,N/A
Sports (Legacy),Arts & Entertainment,Outstream,United States,Desktop,15,$6.32  ~ $6.78 ,N/A,N/A,N/A,N/A,N/A
Sports (Legacy),Arts & Entertainment,Outstream,Canada,Desktop,1,$5.28  ~ $8.01 ,N/A,N/A,N/A,N/A,N/A
Sports (Legacy),News,Outstream,United States,Desktop,1,$10.16  ~ $12.82 ,$22.53 ,N/A,0.06%,N/A,N/A
Sports (Legacy),Pets,Outstream,United States,Desktop,1,$6.79  ~ $14.35 ,$3.40 ,N/A,0.20%,N/A,N/A
Sports (Legacy),Pets,Outstream,United States,Mobile Web,1,$7.02  ~ $14.08 ,N/A,N/A,N/A,N/A,N/A
Sports (Legacy),Hobbies & Interests,Native,United Kingdom,Desktop,4,$2.98  ~ $2.98 ,N/A,N/A,N/A,N/A,N/A
Sports (Legacy),Hobbies & Interests,Outstream,United States,Mobile Web,1,$7.48  ~ $9.07 ,$6.93 ,$29.45 ,0.11%,N/A,N/A
Sports (Legacy),Hobbies & Interests,Outstream,United Kingdom,Desktop,4,$2.35  ~ $2.35 ,N/A,N/A,N/A,N/A,N/A
Sports (Legacy),Education,Native,United Kingdom,Desktop,3,$5.68  ~ $7.37 ,N/A,N/A,N/A,N/A,N/A
Sports (Legacy),Education,Outstream,United Kingdom,Desktop,1,$4.87  ~ $7.37 ,$1.72 ,N/A,0.28%,N/A,N/A
Sports (Legacy),Education,Outstream,Mexico,Desktop,1,$6.95  ~ $8.42 ,N/A,N/A,N/A,N/A,N/A
Sports (Legacy),Education,Outstream,United States,Desktop,5,$7.55  ~ $7.65 ,$104.02 ,N/A,0.01%,N/A,N/A
Sports (Legacy),Education,Outstream,United States,Mobile Web,1,$7.60  ~ $7.98 ,$8.54 ,$61.65 ,0.09%,N/A,N/A
Sports (Legacy),Cold & Flu,Outstream,United States,Desktop,1,$6.48  ~ $8.03 ,$10.58 ,N/A,0.06%,N/A,N/A
Sports (Legacy),Food & Drink,Outstream,United States,Desktop,9,$4.47  ~ $10.69 ,$13.30 ,$5.75 ,0.03%,N/A,N/A
Sports (Legacy),Food & Drink,Outstream,United States,Mobile Web,2,$7.23  ~ $16.05 ,$2.43 ,N/A,0.30%,N/A,N/A
Sports (Legacy),Personal Finance,Native,United Kingdom,Desktop,1,$7.57  ~ $7.83 ,N/A,N/A,N/A,N/A,N/A
Sports (Legacy),Personal Finance,Native,United States,Desktop,2,$6.76  ~ $8.44 ,$9.67 ,$110.19 ,0.07%,N/A,N/A
Sports (Legacy),Personal Finance,Outstream,United Kingdom,Desktop,5,$7.58  ~ $7.91 ,$5.66 ,N/A,0.14%,N/A,N/A
Sports (Legacy),Personal Finance,Outstream,United States,Desktop,4,$6.77  ~ $8.14 ,$15.06 ,$136.18 ,0.04%,N/A,N/A
Sports (Legacy),Shopping,Native,United States,Mobile Web,1,$5.95  ~ $5.97 ,$3.23 ,$13.91 ,0.18%,N/A,N/A
Sports (Legacy),Shopping,Outstream,United Kingdom,Desktop,12,$5.66  ~ $6.66 ,N/A,N/A,N/A,N/A,N/A
Sports (Legacy),Shopping,Outstream,United States,Desktop,13,$4.74  ~ $5.33 ,$17.99 ,$101.98 ,0.03%,N/A,N/A
Sports (Legacy),Home & Garden,Outstream,United States,Desktop,77,$5.47  ~ $7.73 ,N/A,N/A,N/A,N/A,N/A
Sports (Legacy),Home & Garden,Outstream,United States,Mobile Web,7,$7.56  ~ $7.80 ,$14.49 ,$53.89 ,0.05%,N/A,N/A
Sports (Legacy),Business,Native,United States,Tablet,1,$8.11  ~ $8.62 ,N/A,N/A,N/A,N/A,N/A
Sports (Legacy),Business,Native,United States,Desktop,14,$8.21  ~ $8.29 ,$109.26 ,N/A,0.01%,N/A,N/A
Sports (Legacy),Business,Outstream,Canada,Desktop,2,$4.67  ~ $6.92 ,N/A,N/A,N/A,N/A,N/A
Sports (Legacy),Business,Outstream,Canada,Mobile Web,1,$2.98  ~ $7.76 ,$9.43 ,N/A,0.03%,N/A,N/A
Sports (Legacy),Business,Outstream,United Kingdom,Desktop,13,$6.56  ~ $6.65 ,N/A,N/A,N/A,N/A,N/A
Sports (Legacy),Business,Outstream,United Kingdom,Mobile Web,1,$5.06  ~ $6.08 ,$9.15 ,$7.68 ,0.07%,N/A,N/A
Sports (Legacy),Business,Outstream,United States,Desktop,43,$8.40  ~ $8.55 ,$55.71 ,$92.14 ,0.02%,N/A,N/A
Sports (Legacy),Business,Outstream,United States,Mobile Web,4,$9.11  ~ $9.58 ,$8.73 ,$78.33 ,0.10%,N/A,N/A
Sports (Legacy),Business,Outstream,United States,Tablet,1,$8.14  ~ $8.62 ,$29.23 ,N/A,0.03%,N/A,N/A
Sports (Legacy),Travel,Native,United States,Desktop,1,$4.91  ~ $9.52 ,N/A,N/A,N/A,N/A,N/A
Sports (Legacy),Travel,Outstream,United Kingdom,Desktop,1,$2.32  ~ $7.54 ,N/A,N/A,N/A,N/A,N/A
Sports (Legacy),Travel,Outstream,United States,Desktop,6,$4.64  ~ $8.94 ,$18.71 ,N/A,0.02%,N/A,N/A
Sports (Legacy),Health & Fitness,Native,United States,Mobile Web,1,$9.74  ~ $15.43 ,$6.51 ,$17.66 ,0.15%,N/A,N/A
Sports (Legacy),Health & Fitness,Outstream,United States,Desktop,1,$7.28  ~ $10.83 ,$20.73 ,$69.72 ,0.04%,N/A,N/A
Sports (Legacy),Computer Peripherals,Outstream,United Kingdom,Desktop,3,$4.79  ~ $12.12 ,N/A,N/A,N/A,N/A,N/A
Sports (Legacy),Alternative Medicine,Native,United States,Mobile Web,1,$10.67  ~ $11.73 ,$5.69 ,N/A,0.19%,N/A,N/A
Sports (Legacy),Cruises,Outstream,United States,Desktop,1,$6.15  ~ $6.51 ,N/A,N/A,N/A,N/A,N/A
Sports (Legacy),Advertising,Outstream,United States,Desktop,4,$1.81  ~ $8.64 ,$12.07 ,N/A,0.01%,N/A,N/A
Sports (Legacy),Advertising,Outstream,United States,Mobile Web,2,$1.37  ~ $9.03 ,$5.22 ,N/A,0.03%,N/A,N/A
Sports (Legacy),Advertising,Outstream,United States,Tablet,1,$0.85  ~ $8.73 ,N/A,N/A,N/A,N/A,N/A
Sports (Legacy),Interior Decorating,Outstream,United States,Desktop,2,$4.06  ~ $5.68 ,$6.07 ,N/A,0.09%,N/A,N/A
Sports (Legacy),Human Resources,Outstream,United States,Desktop,2,$11.13  ~ $11.13 ,N/A,N/A,N/A,N/A,N/A
Sports (Legacy),Buying/Selling Cars,Outstream,United States,Mobile Web,1,$7.48  ~ $8.04 ,N/A,N/A,N/A,N/A,N/A
Sports (Legacy),Insurance,Outstream,United Kingdom,Desktop,2,$0.00  ~ $0.00 ,N/A,N/A,N/A,N/A,N/A
Sports (Legacy),Honeymoons/Getaways,Outstream,United Kingdom,Desktop,1,$0.00  ~ $0.00 ,N/A,N/A,N/A,N/A,N/A
Sports (Legacy),Legal Issues,Outstream,United Kingdom,Desktop,1,$0.00  ~ $0.00 ,N/A,N/A,N/A,N/A,N/A
Sports (Legacy),Agriculture,Native,Canada,Desktop,2,$0.00  ~ $0.00 ,N/A,N/A,N/A,N/A,N/A
Sports (Legacy),Cell Phones,Outstream,United Kingdom,Desktop,3,$0.00  ~ $0.00 ,N/A,N/A,N/A,N/A,N/A
Style & Fashion (Legacy),Advertising,Outstream,United States,Desktop,2,$1.28  ~ $8.44 ,N/A,N/A,N/A,N/A,N/A
Style & Fashion (Legacy),Advertising,Outstream,United States,Mobile Web,2,$0.58  ~ $9.09 ,$4.30 ,N/A,0.01%,N/A,N/A
Style & Fashion (Legacy),Home & Garden,Native,United States,Desktop,1,$5.59  ~ $7.58 ,N/A,N/A,N/A,N/A,N/A
Style & Fashion (Legacy),Food & Drink,Outstream,United States,Desktop,1,$5.31  ~ $11.28 ,N/A,N/A,N/A,N/A,N/A
Style & Fashion (Legacy),Shopping,Outstream,United States,Mobile Web,1,$5.90  ~ $7.37 ,$13.43 ,N/A,0.04%,N/A,N/A
Style & Fashion (Legacy),Travel,Outstream,United States,Desktop,1,$5.53  ~ $8.85 ,N/A,N/A,N/A,N/A,N/A
Style & Fashion (Legacy),Business,Outstream,United States,Desktop,1,$8.44  ~ $8.53 ,N/A,N/A,N/A,N/A,N/A
Technology & Computing (Legacy),Travel,Native,United States,Desktop,1,$5.36  ~ $9.76 ,N/A,N/A,N/A,N/A,N/A
Technology & Computing (Legacy),Travel,Outstream,United States,Desktop,2,$5.13  ~ $8.91 ,N/A,N/A,N/A,N/A,N/A
Technology & Computing (Legacy),Cold & Flu,Outstream,United States,Desktop,1,$5.62  ~ $8.06 ,N/A,N/A,N/A,N/A,N/A
Technology & Computing (Legacy),Business Software,Outstream,United States,Desktop,1,$9.59  ~ $15.93 ,$55.44 ,N/A,0.02%,N/A,N/A
Technology & Computing (Legacy),Food & Drink,Outstream,United States,Desktop,6,$7.01  ~ $15.34 ,$3.62 ,$5.40 ,0.19%,N/A,N/A
Technology & Computing (Legacy),Job Search,Outstream,United States,Desktop,3,$11.42  ~ $13.25 ,N/A,N/A,N/A,N/A,N/A
Technology & Computing (Legacy),Air Travel,Outstream,United States,Desktop,1,$7.19  ~ $7.19 ,N/A,N/A,N/A,N/A,N/A
Technology & Computing (Legacy),Home Repair,Native,United States,Desktop,1,$7.42  ~ $9.50 ,N/A,N/A,N/A,N/A,N/A
Technology & Computing (Legacy),Computer Peripherals,Outstream,United Kingdom,Desktop,1,$10.93  ~ $12.17 ,N/A,N/A,N/A,N/A,N/A
Technology & Computing (Legacy),Computer Peripherals,Outstream,United Kingdom,Mobile Web,1,$10.84  ~ $12.18 ,N/A,N/A,N/A,N/A,N/A
Technology & Computing (Legacy),Computer Peripherals,Outstream,Ireland,Desktop,2,$10.85  ~ $12.16 ,N/A,N/A,N/A,N/A,N/A
Technology & Computing (Legacy),Interior Decorating,Outstream,United States,Desktop,1,$4.21  ~ $5.78 ,N/A,N/A,N/A,N/A,N/A
Technology & Computing (Legacy),Interior Decorating,Outstream,United States,Mobile Web,1,$4.55  ~ $4.59 ,$4.34 ,N/A,0.11%,N/A,N/A
Technology & Computing (Legacy),Shopping,Native,United Kingdom,Desktop,1,$5.09  ~ $6.11 ,N/A,N/A,N/A,N/A,N/A
Technology & Computing (Legacy),Shopping,Outstream,United Kingdom,Desktop,2,$5.42  ~ $6.31 ,N/A,N/A,N/A,N/A,N/A
Technology & Computing (Legacy),Shopping,Outstream,United Kingdom,Mobile Web,1,$4.34  ~ $6.97 ,N/A,N/A,N/A,N/A,N/A
Technology & Computing (Legacy),Shopping,Outstream,United States,Desktop,8,$4.91  ~ $5.54 ,$7.69 ,N/A,0.07%,N/A,N/A
Technology & Computing (Legacy),Education,Native,United Kingdom,Desktop,1,$5.92  ~ $7.43 ,N/A,N/A,N/A,N/A,N/A
Technology & Computing (Legacy),Education,Native,United States,Desktop,1,$8.33  ~ $8.90 ,N/A,N/A,N/A,N/A,N/A
Technology & Computing (Legacy),Education,Outstream,United States,Desktop,10,$7.97  ~ $8.68 ,$36.37 ,$65.86 ,0.02%,N/A,N/A
Technology & Computing (Legacy),Private School,Outstream,United States,Desktop,4,$6.66  ~ $13.84 ,N/A,N/A,N/A,N/A,N/A
Technology & Computing (Legacy),Home & Garden,Outstream,United States,Desktop,23,$4.55  ~ $7.37 ,$3.61 ,N/A,0.13%,N/A,N/A
Technology & Computing (Legacy),Personal Finance,Native,United States,Desktop,3,$6.63  ~ $8.58 ,$5.69 ,$27.84 ,0.12%,N/A,N/A
Technology & Computing (Legacy),Personal Finance,Outstream,United States,Desktop,23,$6.63  ~ $8.29 ,$12.89 ,$88.51 ,0.05%,N/A,N/A
Technology & Computing (Legacy),Personal Finance,Outstream,United States,Mobile Web,1,$7.37  ~ $8.22 ,$7.73 ,N/A,0.10%,N/A,N/A
Technology & Computing (Legacy),Personal Finance,Outstream,United Kingdom,Desktop,1,$6.88  ~ $7.52 ,N/A,N/A,N/A,N/A,N/A
Technology & Computing (Legacy),Health & Fitness,Native,United States,Desktop,1,$8.06  ~ $11.28 ,$21.28 ,N/A,0.04%,N/A,N/A
Technology & Computing (Legacy),Health & Fitness,Outstream,United States,Desktop,3,$7.71  ~ $11.25 ,$36.57 ,$44.81 ,0.02%,N/A,N/A
Technology & Computing (Legacy),Advertising,Native,Canada,Desktop,13,$2.06  ~ $11.58 ,N/A,N/A,N/A,N/A,N/A
Technology & Computing (Legacy),Advertising,Outstream,United States,Mobile Web,4,$1.24  ~ $6.76 ,$7.63 ,N/A,0.02%,N/A,N/A
Technology & Computing (Legacy),Advertising,Outstream,Canada,Desktop,32,$0.30  ~ $0.70 ,N/A,N/A,N/A,N/A,N/A
Technology & Computing (Legacy),Business,Native,United Kingdom,Desktop,1,$7.07  ~ $7.20 ,N/A,N/A,N/A,N/A,N/A
Technology & Computing (Legacy),Business,Native,United States,Desktop,6,$6.93  ~ $8.35 ,$26.36 ,N/A,0.03%,N/A,N/A
Technology & Computing (Legacy),Business,Outstream,United Kingdom,Desktop,7,$5.45  ~ $5.88 ,N/A,N/A,N/A,N/A,N/A
Technology & Computing (Legacy),Business,Outstream,United States,Desktop,46,$7.84  ~ $8.38 ,$21.21 ,$99.87 ,0.04%,N/A,N/A
Technology & Computing (Legacy),Business,Outstream,United States,Mobile Web,1,$8.16  ~ $8.53 ,$14.43 ,$93.52 ,0.06%,N/A,N/A
Technology & Computing (Legacy),Arts & Entertainment,Native,United States,Desktop,1,$7.08  ~ $10.56 ,N/A,N/A,N/A,N/A,N/A
Technology & Computing (Legacy),Arts & Entertainment,Outstream,United States,Desktop,2,$6.46  ~ $8.42 ,N/A,N/A,N/A,N/A,N/A
Technology & Computing (Legacy),Hobbies & Interests,Outstream,United States,Desktop,2,$5.89  ~ $8.30 ,N/A,N/A,N/A,N/A,N/A
Technology & Computing (Legacy),Hobbies & Interests,Outstream,United Kingdom,Desktop,4,$2.25  ~ $2.25 ,N/A,N/A,N/A,N/A,N/A
Technology & Computing (Legacy),Hobbies & Interests,Outstream,United Kingdom,Mobile Web,2,$2.04  ~ $2.04 ,$0.45 ,N/A,0.45%,N/A,N/A
Technology & Computing (Legacy),"Law, Gov't & Politics",Outstream,United States,Desktop,1,$9.98  ~ $9.99 ,N/A,N/A,N/A,N/A,N/A
Technology & Computing (Legacy),Agriculture,Instream,United States,Desktop,1,$0.00  ~ $0.00 ,N/A,N/A,N/A,N/A,N/A
Technology & Computing (Legacy),Logistics,Outstream,United Kingdom,Desktop,2,$0.00  ~ $0.00 ,N/A,N/A,N/A,N/A,N/A
Travel (Legacy),Advertising,Outstream,United States,Desktop,1,$3.94  ~ $9.72 ,$2.48 ,N/A,0.16%,N/A,N/A
Travel (Legacy),Advertising,Outstream,United States,Mobile Web,1,$0.51  ~ $10.12 ,$1.11 ,$3.32 ,0.05%,N/A,N/A
Travel (Legacy),Personal Finance,Outstream,United Kingdom,Desktop,1,$7.37  ~ $7.60 ,N/A,N/A,N/A,N/A,N/A
Travel (Legacy),Personal Finance,Outstream,United States,Desktop,2,$6.24  ~ $7.92 ,$8.79 ,$31.31 ,0.07%,N/A,N/A
Travel (Legacy),Education,Outstream,United States,Desktop,1,$8.21  ~ $8.69 ,$17.99 ,$32.60 ,0.05%,N/A,N/A
Travel (Legacy),Travel,Native,United States,Mobile Web,1,$7.04  ~ $9.26 ,$11.88 ,$16.72 ,0.06%,N/A,N/A
Travel (Legacy),Travel,Outstream,United Kingdom,Mobile Web,1,$3.24  ~ $7.91 ,$16.00 ,N/A,0.02%,N/A,N/A
Travel (Legacy),Shopping,Outstream,United States,Desktop,3,$5.78  ~ $8.60 ,$28.47 ,N/A,0.02%,N/A,N/A
Travel (Legacy),Shopping,Outstream,United States,Mobile Web,1,$6.23  ~ $8.30 ,$3.71 ,$15.43 ,0.17%,N/A,N/A
Travel (Legacy),Shopping,Native,United States,Desktop,1,$5.98  ~ $8.87 ,$6.16 ,N/A,0.10%,N/A,N/A
Travel (Legacy),Shopping,Native,United States,Tablet,3,$6.99  ~ $8.79 ,$4.51 ,N/A,0.16%,N/A,N/A
Travel (Legacy),Arts & Entertainment,Native,United States,Desktop,1,$8.99  ~ $10.91 ,N/A,N/A,N/A,N/A,N/A
Travel (Legacy),Arts & Entertainment,Outstream,United States,Desktop,3,$7.52  ~ $10.49 ,$2.49 ,N/A,0.30%,N/A,N/A
Travel (Legacy),Automotive,Outstream,United States,Desktop,1,$4.53  ~ $6.62 ,N/A,N/A,N/A,N/A,N/A
Travel (Legacy),Metals,Outstream,United States,Desktop,2,$10.33  ~ $11.04 ,N/A,N/A,N/A,N/A,N/A
Travel (Legacy),Food & Drink,Outstream,United States,Desktop,1,$4.94  ~ $11.03 ,N/A,N/A,N/A,N/A,N/A
Travel (Legacy),Home & Garden,Outstream,United States,Desktop,8,$5.86  ~ $7.58 ,$2.98 ,$2.47 ,0.20%,N/A,N/A
Travel (Legacy),Health & Fitness,Outstream,United States,Desktop,1,$9.04  ~ $14.91 ,$38.78 ,N/A,0.02%,N/A,N/A
Travel (Legacy),Hobbies & Interests,Native,United States,Desktop,2,$7.15  ~ $9.30 ,N/A,N/A,N/A,N/A,N/A
Travel (Legacy),Hobbies & Interests,Outstream,United States,Desktop,8,$7.54  ~ $9.73 ,N/A,N/A,N/A,N/A,N/A
Travel (Legacy),Hobbies & Interests,Outstream,United Kingdom,Desktop,3,$3.02  ~ $3.02 ,N/A,N/A,N/A,N/A,N/A
Travel (Legacy),Computer Peripherals,Outstream,United Kingdom,Desktop,1,$3.43  ~ $12.18 ,N/A,N/A,N/A,N/A,N/A
Travel (Legacy),Business,Outstream,Canada,Desktop,1,$4.03  ~ $7.25 ,N/A,N/A,N/A,N/A,N/A
Travel (Legacy),Business,Outstream,United Kingdom,Mobile Web,1,$5.67  ~ $5.88 ,$3.70 ,$6.87 ,0.16%,N/A,N/A
Travel (Legacy),Business,Outstream,United Kingdom,Desktop,1,$6.67  ~ $6.75 ,N/A,N/A,N/A,N/A,N/A
Travel (Legacy),Business,Outstream,United States,Desktop,17,$8.96  ~ $9.18 ,N/A,N/A,N/A,N/A,N/A
Travel (Legacy),Health & Fitness,Outstream,Ireland,Desktop,1,$0.00  ~ $0.00 ,N/A,N/A,N/A,N/A,N/A