Category,Brand Category,Device,Video Type,Country,Impressions,eCPM,eCPC,eCPE,CTR,Video Completion Rate,Audio Completion Rate
Arts & Entertainment (Legacy),Hobbies & Interests,Mobile Web,Outstream,United States,2,$6.56  ~ $8.01 ,$5.14 ,$26.74 ,0.13%,N/A,N/A
Arts & Entertainment (Legacy),Hobbies & Interests,Desktop,Outstream,United States,15,$6.09  ~ $7.84 ,$20.53 ,$57.31 ,0.03%,N/A,N/A
Arts & Entertainment (Legacy),Agriculture,Desktop,Outstream,Canada,2,$2.99  ~ $6.40 ,N/A,N/A,N/A,N/A,N/A
Arts & Entertainment (Legacy),Agriculture,Mobile Web,Outstream,Canada,1,$2.60  ~ $7.15 ,$0.87 ,N/A,0.30%,N/A,N/A
Arts & Entertainment (Legacy),Arts & Entertainment,Desktop,Outstream,United States,43,$6.83  ~ $6.94 ,N/A,N/A,N/A,N/A,N/A
Arts & Entertainment (Legacy),Arts & Entertainment,Mobile Web,Interstitial,United States,1,$6.46  ~ $6.96 ,N/A,N/A,N/A,N/A,N/A
Arts & Entertainment (Legacy),Arts & Entertainment,Mobile Web,Outstream,United States,23,$6.78  ~ $8.83 ,$3.99 ,$43.56 ,0.22%,N/A,N/A
Arts & Entertainment (Legacy),Arts & Entertainment,Tablet,Outstream,United States,2,$6.90  ~ $7.60 ,$13.54 ,N/A,0.06%,N/A,N/A
Arts & Entertainment (Legacy),News,Mobile Web,Outstream,Canada,2,$4.52  ~ $6.69 ,N/A,N/A,N/A,N/A,N/A
Arts & Entertainment (Legacy),News,Mobile Web,Outstream,United States,5,$12.69  ~ $12.89 ,$4.75 ,N/A,0.27%,N/A,N/A
Arts & Entertainment (Legacy),News,Desktop,Outstream,Canada,2,$5.68  ~ $6.57 ,N/A,N/A,N/A,N/A,N/A
Arts & Entertainment (Legacy),News,Desktop,Outstream,United States,32,$10.40  ~ $10.80 ,$15.02 ,N/A,0.07%,N/A,N/A
Arts & Entertainment (Legacy),Hotels,Mobile Web,Outstream,United States,1,$5.98  ~ $14.51 ,$1.44 ,N/A,0.41%,N/A,N/A
Arts & Entertainment (Legacy),Hotels,Desktop,Outstream,United States,2,$5.30  ~ $13.12 ,N/A,N/A,N/A,N/A,N/A
Arts & Entertainment (Legacy),Travel,Desktop,Outstream,United States,28,$5.60  ~ $6.24 ,N/A,N/A,N/A,N/A,N/A
Arts & Entertainment (Legacy),Travel,Mobile Web,Outstream,United States,3,$5.39  ~ $6.04 ,$0.55 ,$9.34 ,0.97%,N/A,N/A
Arts & Entertainment (Legacy),Travel,Tablet,Outstream,United States,1,$5.52  ~ $5.95 ,$5.46 ,$7.37 ,0.10%,N/A,N/A
Arts & Entertainment (Legacy),Real Estate,Desktop,Outstream,United States,8,$5.33  ~ $6.49 ,N/A,N/A,N/A,N/A,N/A
Arts & Entertainment (Legacy),Real Estate,Mobile Web,Outstream,United States,4,$6.04  ~ $6.96 ,$6.03 ,N/A,0.10%,N/A,N/A
Arts & Entertainment (Legacy),Real Estate,Tablet,Outstream,United States,1,$5.80  ~ $7.09 ,N/A,N/A,N/A,N/A,N/A
Arts & Entertainment (Legacy),Careers,Desktop,Outstream,United States,2,$7.10  ~ $7.74 ,$6.52 ,N/A,0.11%,N/A,N/A
Arts & Entertainment (Legacy),Careers,Mobile Web,Outstream,United States,2,$7.24  ~ $8.77 ,$3.02 ,N/A,0.29%,N/A,N/A
Arts & Entertainment (Legacy),Shopping,Desktop,Outstream,Canada,5,$2.26  ~ $5.38 ,N/A,N/A,N/A,N/A,N/A
Arts & Entertainment (Legacy),Shopping,Desktop,Outstream,United States,16,$5.03  ~ $6.32 ,$6.73 ,$17.71 ,0.07%,N/A,N/A
Arts & Entertainment (Legacy),Shopping,Mobile Web,Outstream,Canada,3,$1.48  ~ $1.69 ,$4.06 ,N/A,0.04%,N/A,N/A
Arts & Entertainment (Legacy),Shopping,Mobile Web,Outstream,United States,29,$0.72  ~ $5.35 ,$1.36 ,$9.74 ,0.05%,N/A,N/A
Arts & Entertainment (Legacy),Shopping,Tablet,Outstream,United States,1,$6.50  ~ $7.16 ,$22.57 ,N/A,0.03%,N/A,N/A
Arts & Entertainment (Legacy),Pets,Desktop,Outstream,United States,3,$5.12  ~ $6.79 ,N/A,N/A,N/A,N/A,N/A
Arts & Entertainment (Legacy),Biotech/Biomedical,Desktop,Outstream,United States,5,$10.10  ~ $10.70 ,N/A,N/A,N/A,N/A,N/A
Arts & Entertainment (Legacy),Family & Parenting,Mobile Web,Outstream,United States,1,$6.18  ~ $6.38 ,$2.81 ,$36.42 ,0.22%,N/A,N/A
Arts & Entertainment (Legacy),Family & Parenting,Desktop,Outstream,United States,4,$4.91  ~ $5.84 ,N/A,N/A,N/A,N/A,N/A
Arts & Entertainment (Legacy),Cold & Flu,Desktop,Outstream,United States,12,$7.15  ~ $7.18 ,N/A,N/A,N/A,N/A,N/A
Arts & Entertainment (Legacy),Business Software,Desktop,Outstream,United States,6,$8.04  ~ $10.12 ,$13.82 ,N/A,0.07%,N/A,N/A
Arts & Entertainment (Legacy),Business Software,Mobile Web,Outstream,Canada,1,$7.49  ~ $7.84 ,$3.03 ,N/A,0.26%,N/A,N/A
Arts & Entertainment (Legacy),Card Games,Mobile Web,Outstream,United States,9,$1.06  ~ $1.52 ,$0.71 ,N/A,0.15%,N/A,N/A
Arts & Entertainment (Legacy),Investing,Desktop,Outstream,United States,1,$4.80  ~ $4.80 ,N/A,N/A,N/A,N/A,N/A
Arts & Entertainment (Legacy),Education,Tablet,Outstream,United States,1,$8.22  ~ $8.57 ,$8.63 ,$13.27 ,0.10%,N/A,N/A
Arts & Entertainment (Legacy),Education,Desktop,Outstream,United States,15,$7.67  ~ $7.71 ,$77.44 ,N/A,0.01%,N/A,N/A
Arts & Entertainment (Legacy),Education,Mobile Web,Outstream,United States,12,$7.90  ~ $8.12 ,$3.42 ,$62.33 ,0.23%,N/A,N/A
Arts & Entertainment (Legacy),Remodeling & Construction,Mobile Web,Outstream,United States,1,$5.49  ~ $10.98 ,$9.26 ,N/A,0.06%,N/A,N/A
Arts & Entertainment (Legacy),Business,Desktop,Outstream,United States,177,$6.76  ~ $7.84 ,$11.44 ,$23.10 ,0.06%,N/A,N/A
Arts & Entertainment (Legacy),Business,Desktop,Outstream,Canada,5,$3.76  ~ $4.63 ,$17.22 ,N/A,0.02%,N/A,N/A
Arts & Entertainment (Legacy),Business,Mobile Web,Outstream,United States,33,$6.91  ~ $7.50 ,$2.53 ,$20.73 ,0.27%,N/A,N/A
Arts & Entertainment (Legacy),Business,Tablet,Outstream,United States,6,$7.23  ~ $7.62 ,$4.82 ,$41.67 ,0.15%,N/A,N/A
Arts & Entertainment (Legacy),Advertising,Desktop,Outstream,United States,4,$10.35  ~ $30.24 ,N/A,N/A,N/A,N/A,N/A
Arts & Entertainment (Legacy),Advertising,Mobile Web,Outstream,United States,13,$12.84  ~ $29.87 ,$6.16 ,N/A,0.21%,N/A,N/A
Arts & Entertainment (Legacy),Food & Drink,Desktop,Outstream,United States,4,$6.19  ~ $8.20 ,N/A,N/A,N/A,N/A,N/A
Arts & Entertainment (Legacy),Food & Drink,Mobile Web,Outstream,United States,2,$6.83  ~ $7.40 ,$3.56 ,$66.09 ,0.19%,N/A,N/A
Arts & Entertainment (Legacy),Food & Drink,Tablet,Outstream,United States,1,$6.83  ~ $7.60 ,N/A,N/A,N/A,N/A,N/A
Arts & Entertainment (Legacy),Human Resources,Desktop,Outstream,United States,1,$11.50  ~ $12.10 ,N/A,N/A,N/A,N/A,N/A
Arts & Entertainment (Legacy),Home & Garden,Tablet,Outstream,United States,1,$3.77  ~ $9.31 ,N/A,N/A,N/A,N/A,N/A
Arts & Entertainment (Legacy),Home & Garden,Desktop,Outstream,United States,9,$2.93  ~ $6.78 ,$16.95 ,N/A,0.02%,N/A,N/A
Arts & Entertainment (Legacy),Home & Garden,Mobile Web,Outstream,United States,5,$4.68  ~ $10.18 ,$2.81 ,$14.34 ,0.17%,N/A,N/A
Arts & Entertainment (Legacy),Automotive,Desktop,Outstream,United States,7,$5.28  ~ $6.80 ,$34.64 ,N/A,0.02%,N/A,N/A
Arts & Entertainment (Legacy),Automotive,Mobile Web,Outstream,United States,1,$5.90  ~ $9.14 ,$2.97 ,N/A,0.20%,N/A,N/A
Arts & Entertainment (Legacy),Cocktails/Beer,Desktop,Outstream,United States,1,$13.83  ~ $13.83 ,N/A,N/A,N/A,N/A,N/A
Arts & Entertainment (Legacy),Art/Technology,Desktop,Outstream,United States,2,$7.71  ~ $7.71 ,$9.24 ,N/A,0.08%,N/A,N/A
Arts & Entertainment (Legacy),Art/Technology,Mobile Web,Outstream,United States,1,$7.75  ~ $7.76 ,$5.46 ,N/A,0.14%,N/A,N/A
Arts & Entertainment (Legacy),Art/Technology,Tablet,Outstream,United States,1,$7.86  ~ $7.87 ,N/A,N/A,N/A,N/A,N/A
Arts & Entertainment (Legacy),Buying/Selling Cars,Desktop,Outstream,United States,2,$7.30  ~ $7.64 ,N/A,N/A,N/A,N/A,N/A
Arts & Entertainment (Legacy),Buying/Selling Cars,Mobile Web,Outstream,United States,1,$7.39  ~ $8.08 ,$16.16 ,N/A,0.05%,N/A,N/A
Arts & Entertainment (Legacy),Pediatrics,Mobile Web,Outstream,United States,2,$6.51  ~ $8.37 ,$1.94 ,N/A,0.34%,N/A,N/A
Arts & Entertainment (Legacy),"Law, Gov't & Politics",Mobile Web,Outstream,United States,1,$12.57  ~ $17.66 ,$4.13 ,$3.89 ,0.30%,N/A,N/A
Arts & Entertainment (Legacy),Personal Finance,Desktop,Outstream,Canada,2,$3.37  ~ $7.03 ,N/A,N/A,N/A,N/A,N/A
Arts & Entertainment (Legacy),Personal Finance,Desktop,Outstream,United States,63,$5.06  ~ $5.48 ,$95.02 ,N/A,0.01%,N/A,N/A
Arts & Entertainment (Legacy),Personal Finance,Mobile Web,Outstream,Canada,1,$3.34  ~ $6.56 ,$4.15 ,$1.55 ,0.08%,N/A,N/A
Arts & Entertainment (Legacy),Personal Finance,Mobile Web,Outstream,United States,29,$6.86  ~ $7.03 ,$3.27 ,$23.50 ,0.21%,N/A,N/A
Arts & Entertainment (Legacy),Personal Finance,Tablet,Outstream,United States,5,$4.77  ~ $5.67 ,$3.36 ,$26.27 ,0.14%,N/A,N/A
Arts & Entertainment (Legacy),Health & Fitness,Desktop,Outstream,United States,67,$3.17  ~ $5.85 ,$23.85 ,$77.02 ,0.02%,N/A,N/A
Arts & Entertainment (Legacy),Health & Fitness,Mobile Web,Outstream,United States,29,$5.93  ~ $8.64 ,$3.83 ,$17.52 ,0.23%,N/A,N/A
Arts & Entertainment (Legacy),Music,Desktop,Outstream,United States,4,$7.62  ~ $7.73 ,$41.35 ,$25.61 ,0.02%,N/A,N/A
Arts & Entertainment (Legacy),U.S. Government Resources,Mobile Web,Outstream,United States,1,$0.00  ~ $0.00 ,N/A,N/A,N/A,N/A,N/A
Arts & Entertainment (Legacy),U.S. Government Resources,Desktop,Outstream,United States,1,$0.00  ~ $0.00 ,N/A,N/A,N/A,N/A,N/A
Arts & Entertainment (Legacy),Arthritis,Desktop,Outstream,United States,2,$0.00  ~ $0.00 ,N/A,N/A,N/A,N/A,N/A
Automotive (Legacy),Biotech/Biomedical,Mobile Web,Outstream,United States,1,$11.58  ~ $13.11 ,$16.63 ,N/A,0.08%,N/A,N/A
Automotive (Legacy),Graduate School,Desktop,Outstream,United States,1,$2.73  ~ $10.27 ,N/A,N/A,N/A,N/A,N/A
Automotive (Legacy),Business,Desktop,Outstream,United States,2,$6.10  ~ $7.79 ,$3.77 ,$24.37 ,0.16%,N/A,N/A
Automotive (Legacy),Business,Mobile Web,Outstream,United States,6,$5.29  ~ $7.47 ,$3.81 ,$32.46 ,0.14%,N/A,N/A
Automotive (Legacy),Home & Garden,Desktop,Outstream,United States,4,$3.23  ~ $6.47 ,N/A,N/A,N/A,N/A,N/A
Automotive (Legacy),Home & Garden,Mobile Web,Outstream,United States,5,$4.15  ~ $6.77 ,$4.22 ,$9.91 ,0.10%,N/A,N/A
Automotive (Legacy),Home & Garden,Tablet,Outstream,United States,2,$3.15  ~ $7.30 ,N/A,N/A,N/A,N/A,N/A
Automotive (Legacy),Advertising,Desktop,Outstream,United States,3,$9.60  ~ $32.38 ,N/A,N/A,N/A,N/A,N/A
Automotive (Legacy),Advertising,Mobile Web,Outstream,United States,3,$12.83  ~ $30.19 ,N/A,N/A,N/A,N/A,N/A
Automotive (Legacy),Shopping,Mobile Web,Outstream,United States,4,$0.50  ~ $3.92 ,$3.28 ,N/A,0.02%,N/A,N/A
Automotive (Legacy),Personal Finance,Mobile Web,Outstream,United States,2,$5.34  ~ $7.20 ,$5.22 ,$38.96 ,0.10%,N/A,N/A
Automotive (Legacy),Advertising,Desktop,Interstitial,United States,1,$0.00  ~ $0.00 ,N/A,N/A,N/A,N/A,N/A
Business (Legacy),Travel,Desktop,Outstream,United States,3,$6.16  ~ $7.07 ,N/A,N/A,N/A,N/A,N/A
Business (Legacy),Hotels,Desktop,Outstream,United States,1,$3.60  ~ $8.85 ,N/A,N/A,N/A,N/A,N/A
Business (Legacy),Education,Desktop,Outstream,Canada,1,$2.12  ~ $2.14 ,N/A,N/A,N/A,N/A,N/A
Business (Legacy),Politics,Desktop,Outstream,United States,1,$8.00  ~ $8.15 ,N/A,N/A,N/A,N/A,N/A
Business (Legacy),Arts & Entertainment,Tablet,Outstream,Canada,1,$4.03  ~ $4.25 ,N/A,N/A,N/A,N/A,N/A
Business (Legacy),Arts & Entertainment,Desktop,Outstream,United States,1,$5.71  ~ $6.15 ,N/A,N/A,N/A,N/A,N/A
Business (Legacy),Arts & Entertainment,Mobile Web,Outstream,United States,2,$5.32  ~ $5.49 ,$2.07 ,$5.81 ,0.26%,N/A,N/A
Business (Legacy),Shopping,Mobile Web,Interstitial,United States,1,$0.67  ~ $5.71 ,N/A,N/A,N/A,N/A,N/A
Business (Legacy),Shopping,Mobile Web,Outstream,United States,1,$0.53  ~ $4.61 ,$3.44 ,N/A,0.02%,N/A,N/A
Business (Legacy),Personal Finance,Mobile Web,Outstream,United States,2,$7.01  ~ $9.74 ,$42.37 ,$61.30 ,0.02%,N/A,N/A
Business (Legacy),Personal Finance,Desktop,Outstream,United States,4,$8.26  ~ $8.64 ,$13.72 ,$23.31 ,0.06%,N/A,N/A
Business (Legacy),Real Estate,Desktop,Outstream,United States,1,$6.35  ~ $6.71 ,$3.22 ,N/A,0.20%,N/A,N/A
Business (Legacy),Real Estate,Mobile Web,Outstream,United States,1,$6.71  ~ $6.75 ,$10.90 ,$48.36 ,0.06%,N/A,N/A
Business (Legacy),Family & Parenting,Mobile Web,Outstream,United States,1,$6.04  ~ $6.54 ,$2.55 ,$6.14 ,0.24%,N/A,N/A
Business (Legacy),Business,Desktop,Outstream,United States,8,$7.22  ~ $9.32 ,$2.03 ,$4.28 ,0.35%,N/A,N/A
Business (Legacy),Business,Mobile Web,Outstream,United States,5,$6.68  ~ $8.17 ,$5.74 ,$184.86 ,0.12%,N/A,N/A
Business (Legacy),Health & Fitness,Desktop,Outstream,United States,6,$3.05  ~ $6.18 ,$9.56 ,N/A,0.06%,N/A,N/A
Business (Legacy),Health & Fitness,Mobile Web,Outstream,United States,2,$3.16  ~ $4.95 ,$5.45 ,$14.01 ,0.09%,N/A,N/A
Business (Legacy),Hobbies & Interests,Desktop,Outstream,United States,1,$6.60  ~ $7.55 ,$3.24 ,N/A,0.20%,N/A,N/A
Business (Legacy),Buying/Selling Cars,Desktop,Outstream,United States,1,$6.01  ~ $6.85 ,N/A,N/A,N/A,N/A,N/A
Business (Legacy),Advertising,Mobile Web,Outstream,United States,2,$14.86  ~ $29.49 ,$1.01 ,N/A,1.47%,N/A,N/A
Business (Legacy),Advertising,Desktop,Outstream,United States,2,$12.79  ~ $31.23 ,N/A,N/A,N/A,N/A,N/A
Business (Legacy),Home & Garden,Tablet,Outstream,United States,1,$3.05  ~ $6.81 ,$0.94 ,N/A,0.32%,N/A,N/A
Business (Legacy),Home & Garden,Desktop,Outstream,United States,2,$4.13  ~ $7.95 ,N/A,N/A,N/A,N/A,N/A
Business (Legacy),Home & Garden,Mobile Web,Outstream,United States,4,$3.28  ~ $5.78 ,$1.81 ,$9.75 ,0.18%,N/A,N/A
Careers (Legacy),Shopping,Desktop,Outstream,United States,1,$4.72  ~ $7.49 ,$0.66 ,N/A,0.71%,N/A,N/A
Careers (Legacy),Shopping,Mobile Web,Outstream,United States,3,$0.53  ~ $4.74 ,$1.89 ,N/A,0.03%,N/A,N/A
Careers (Legacy),Business,Desktop,Outstream,United States,2,$7.14  ~ $8.46 ,$25.29 ,N/A,0.03%,N/A,N/A
Careers (Legacy),Business,Mobile Web,Outstream,United States,4,$6.12  ~ $7.78 ,$2.55 ,$28.99 ,0.24%,N/A,N/A
Careers (Legacy),Travel,Desktop,Outstream,United States,2,$6.51  ~ $7.08 ,$3.26 ,N/A,0.20%,N/A,N/A
Careers (Legacy),Travel,Mobile Web,Outstream,Canada,1,$4.40  ~ $8.84 ,$0.48 ,N/A,0.93%,N/A,N/A
Careers (Legacy),Arts & Entertainment,Desktop,Outstream,United States,1,$5.90  ~ $5.94 ,$3.81 ,N/A,0.15%,N/A,N/A
Careers (Legacy),Arts & Entertainment,Mobile Web,Outstream,United States,1,$5.67  ~ $5.69 ,$5.10 ,N/A,0.11%,N/A,N/A
Careers (Legacy),Advertising,Mobile Web,Outstream,United States,4,$17.70  ~ $29.80 ,N/A,N/A,N/A,N/A,N/A
Careers (Legacy),Health & Fitness,Mobile Web,Outstream,Canada,1,$3.87  ~ $5.38 ,N/A,N/A,N/A,N/A,N/A
Careers (Legacy),Health & Fitness,Mobile Web,Outstream,United States,1,$5.14  ~ $6.53 ,$3.14 ,N/A,0.21%,N/A,N/A
Careers (Legacy),Politics,Mobile Web,Outstream,United States,2,$8.16  ~ $8.16 ,N/A,N/A,N/A,N/A,N/A
Careers (Legacy),Education,Mobile Web,Outstream,United States,1,$7.79  ~ $9.93 ,$5.19 ,$42.89 ,0.19%,N/A,N/A
Careers (Legacy),Education,Desktop,Outstream,United States,1,$7.78  ~ $10.26 ,N/A,N/A,N/A,N/A,N/A
Careers (Legacy),Home & Garden,Desktop,Outstream,United States,4,$3.94  ~ $7.15 ,N/A,N/A,N/A,N/A,N/A
Careers (Legacy),Home & Garden,Mobile Web,Outstream,United States,1,$3.69  ~ $6.59 ,$0.76 ,$1.73 ,0.48%,N/A,N/A
Careers (Legacy),Home & Garden,Tablet,Outstream,United States,2,$2.83  ~ $6.11 ,N/A,N/A,N/A,N/A,N/A
Careers (Legacy),Personal Finance,Desktop,Outstream,United States,4,$5.91  ~ $6.21 ,$7.99 ,N/A,0.07%,N/A,N/A
Careers (Legacy),Personal Finance,Mobile Web,Outstream,United States,2,$6.07  ~ $8.12 ,$4.89 ,$21.73 ,0.12%,N/A,N/A
Education (Legacy),Shopping,Mobile Web,Outstream,United States,2,$0.59  ~ $4.20 ,$3.00 ,$13.43 ,0.02%,N/A,N/A
Education (Legacy),Careers,Desktop,Outstream,United States,1,$6.71  ~ $7.50 ,N/A,N/A,N/A,N/A,N/A
Education (Legacy),Arts & Entertainment,Desktop,Outstream,United States,1,$5.73  ~ $6.05 ,$11.57 ,N/A,0.05%,N/A,N/A
Education (Legacy),Arts & Entertainment,Mobile Web,Outstream,United States,2,$3.84  ~ $4.21 ,$3.62 ,$21.41 ,0.12%,N/A,N/A
Education (Legacy),Education,Desktop,Outstream,United States,1,$7.24  ~ $7.34 ,$21.15 ,$18.71 ,0.03%,N/A,N/A
Education (Legacy),Health & Fitness,Desktop,Outstream,United States,1,$4.19  ~ $7.38 ,$12.63 ,$16.34 ,0.06%,N/A,N/A
Education (Legacy),Health & Fitness,Mobile Web,Outstream,United States,1,$4.23  ~ $6.77 ,$5.96 ,$34.05 ,0.11%,N/A,N/A
Education (Legacy),Business,Mobile Web,Outstream,United States,2,$5.08  ~ $7.49 ,$6.08 ,$25.73 ,0.08%,N/A,N/A
Education (Legacy),Business,Desktop,Outstream,United States,3,$6.04  ~ $7.28 ,$2.13 ,$5.61 ,0.28%,N/A,N/A
Education (Legacy),Home & Garden,Desktop,Outstream,United States,4,$4.25  ~ $7.70 ,N/A,N/A,N/A,N/A,N/A
Education (Legacy),Home & Garden,Mobile Web,Outstream,United States,3,$3.20  ~ $6.88 ,$3.04 ,$10.95 ,0.11%,N/A,N/A
Education (Legacy),Advertising,Desktop,Interstitial,United States,1,$2.76  ~ $6.18 ,N/A,N/A,N/A,N/A,N/A
Education (Legacy),Personal Finance,Desktop,Outstream,United States,2,$4.98  ~ $5.42 ,$20.67 ,$15.22 ,0.02%,N/A,N/A
Education (Legacy),Personal Finance,Mobile Web,Outstream,United States,1,$3.98  ~ $7.36 ,$4.13 ,$16.62 ,0.10%,N/A,N/A
Education (Legacy),Travel,Desktop,Outstream,United States,2,$5.74  ~ $6.71 ,$5.43 ,N/A,0.11%,N/A,N/A
Family & Parenting (Legacy),Shopping,Mobile Web,Outstream,United States,1,$0.75  ~ $5.78 ,$4.37 ,$16.81 ,0.02%,N/A,N/A
Family & Parenting (Legacy),Real Estate,Mobile Web,Outstream,United States,3,$5.86  ~ $6.95 ,N/A,N/A,N/A,N/A,N/A
Family & Parenting (Legacy),Health & Fitness,Mobile Web,Outstream,United States,2,$5.90  ~ $7.96 ,$10.54 ,$13.88 ,0.08%,N/A,N/A
Family & Parenting (Legacy),News,Desktop,Outstream,United States,1,$9.31  ~ $10.00 ,$2.01 ,N/A,0.50%,N/A,N/A
Family & Parenting (Legacy),Travel,Tablet,Outstream,United States,1,$4.95  ~ $5.26 ,N/A,N/A,N/A,N/A,N/A
Family & Parenting (Legacy),Business,Mobile Web,Outstream,United States,9,$6.20  ~ $7.47 ,$4.14 ,$18.28 ,0.15%,N/A,N/A
Family & Parenting (Legacy),Business,Tablet,Outstream,United States,1,$5.54  ~ $7.25 ,$5.10 ,N/A,0.11%,N/A,N/A
Family & Parenting (Legacy),Personal Finance,Desktop,Outstream,United States,1,$5.43  ~ $6.39 ,N/A,N/A,N/A,N/A,N/A
Family & Parenting (Legacy),Personal Finance,Mobile Web,Outstream,United States,1,$6.14  ~ $7.16 ,$6.25 ,$35.05 ,0.10%,N/A,N/A
Family & Parenting (Legacy),Careers,Mobile Web,Outstream,United States,1,$6.96  ~ $8.04 ,$2.26 ,N/A,0.36%,N/A,N/A
Family & Parenting (Legacy),Home & Garden,Mobile Web,Outstream,United States,4,$3.90  ~ $7.20 ,$5.94 ,$9.53 ,0.07%,N/A,N/A
Food & Drink (Legacy),Arts & Entertainment,Desktop,Outstream,United States,2,$6.48  ~ $6.52 ,N/A,N/A,N/A,N/A,N/A
Food & Drink (Legacy),Arts & Entertainment,Mobile Web,Outstream,United States,1,$5.98  ~ $6.35 ,$9.48 ,$20.85 ,0.06%,N/A,N/A
Food & Drink (Legacy),Travel,Desktop,Outstream,United States,1,$6.14  ~ $6.23 ,$22.02 ,N/A,0.03%,N/A,N/A
Food & Drink (Legacy),Music,Mobile Web,Outstream,United States,1,$6.82  ~ $6.90 ,$10.02 ,$5.06 ,0.07%,N/A,N/A
Food & Drink (Legacy),Home & Garden,Desktop,Outstream,United States,1,$4.71  ~ $6.87 ,N/A,N/A,N/A,N/A,N/A
Food & Drink (Legacy),Home & Garden,Mobile Web,Outstream,United States,3,$4.02  ~ $6.66 ,$8.84 ,$25.76 ,0.05%,N/A,N/A
Food & Drink (Legacy),Health & Fitness,Desktop,Outstream,United States,2,$6.16  ~ $8.09 ,$39.24 ,N/A,0.02%,N/A,N/A
Food & Drink (Legacy),Health & Fitness,Mobile Web,Outstream,United States,2,$7.11  ~ $7.69 ,$15.31 ,$37.37 ,0.05%,N/A,N/A
Food & Drink (Legacy),Personal Finance,Desktop,Outstream,United States,1,$5.34  ~ $5.88 ,N/A,N/A,N/A,N/A,N/A
Food & Drink (Legacy),Personal Finance,Mobile Web,Outstream,United States,2,$5.86  ~ $6.94 ,$7.76 ,$45.59 ,0.08%,N/A,N/A
Food & Drink (Legacy),Business,Mobile Web,Interstitial,United States,1,$6.40  ~ $7.34 ,N/A,N/A,N/A,N/A,N/A
Food & Drink (Legacy),Business,Mobile Web,Outstream,United States,3,$5.82  ~ $7.48 ,$7.32 ,$39.89 ,0.08%,N/A,N/A
Food & Drink (Legacy),Business,Desktop,Outstream,United States,4,$7.29  ~ $8.23 ,$5.94 ,$29.70 ,0.12%,N/A,N/A
Food & Drink (Legacy),Biotech/Biomedical,Tablet,Outstream,United States,1,$13.87  ~ $16.22 ,N/A,N/A,N/A,N/A,N/A
Food & Drink (Legacy),Shopping,Desktop,Outstream,United States,1,$7.71  ~ $9.20 ,$6.01 ,$17.82 ,0.13%,N/A,N/A
Food & Drink (Legacy),Agriculture,Desktop,Outstream,Canada,1,$2.91  ~ $4.09 ,$0.35 ,N/A,0.83%,N/A,N/A
Health & Fitness (Legacy),Home & Garden,Desktop,Outstream,United States,1,$4.36  ~ $8.28 ,N/A,N/A,N/A,N/A,N/A
Health & Fitness (Legacy),Home & Garden,Mobile Web,Outstream,United States,1,$3.40  ~ $6.98 ,$3.72 ,N/A,0.09%,N/A,N/A
Health & Fitness (Legacy),Advertising,Mobile Web,Outstream,United States,3,$20.36  ~ $28.94 ,N/A,N/A,N/A,N/A,N/A
Health & Fitness (Legacy),Politics,Mobile Web,Outstream,United States,2,$8.14  ~ $8.15 ,N/A,N/A,N/A,N/A,N/A
Health & Fitness (Legacy),Business,Desktop,Outstream,United States,2,$6.02  ~ $7.13 ,$7.98 ,$17.89 ,0.08%,N/A,N/A
Health & Fitness (Legacy),Business,Desktop,Interstitial,United States,2,$7.51  ~ $9.63 ,N/A,N/A,N/A,N/A,N/A
Health & Fitness (Legacy),Business,Mobile Web,Outstream,United States,2,$6.48  ~ $7.57 ,$4.91 ,$90.60 ,0.13%,N/A,N/A
Health & Fitness (Legacy),Personal Finance,Desktop,Outstream,United States,1,$3.82  ~ $4.22 ,N/A,N/A,N/A,N/A,N/A
Health & Fitness (Legacy),Personal Finance,Mobile Web,Outstream,United States,4,$5.57  ~ $6.60 ,$3.67 ,N/A,0.15%,N/A,N/A
Health & Fitness (Legacy),Shopping,Mobile Web,Outstream,United States,1,$0.59  ~ $4.72 ,$2.38 ,$18.51 ,0.02%,N/A,N/A
Health & Fitness (Legacy),Education,Mobile Web,Outstream,United States,1,$7.98  ~ $8.32 ,$5.98 ,$49.51 ,0.14%,N/A,N/A
Health & Fitness (Legacy),Food & Drink,Desktop,Outstream,United States,1,$5.59  ~ $7.65 ,N/A,N/A,N/A,N/A,N/A
Health & Fitness (Legacy),Arts & Entertainment,Desktop,Outstream,United States,1,$5.92  ~ $6.13 ,N/A,N/A,N/A,N/A,N/A
Health & Fitness (Legacy),Health & Fitness,Desktop,Outstream,United States,1,$7.09  ~ $9.23 ,$34.67 ,N/A,0.03%,N/A,N/A
Health & Fitness (Legacy),Health & Fitness,Mobile Web,Outstream,United States,1,$7.41  ~ $8.85 ,$8.15 ,$28.16 ,0.11%,N/A,N/A
Hobbies & Interests (Legacy),Shopping,Desktop,Outstream,United States,2,$3.24  ~ $5.73 ,$2.27 ,$16.54 ,0.14%,N/A,N/A
Hobbies & Interests (Legacy),Shopping,Mobile Web,Outstream,United States,5,$0.36  ~ $3.26 ,$1.91 ,$23.88 ,0.02%,N/A,N/A
Hobbies & Interests (Legacy),Remodeling & Construction,Mobile Web,Outstream,United States,1,$6.02  ~ $10.80 ,$1.79 ,N/A,0.34%,N/A,N/A
Hobbies & Interests (Legacy),Business,Desktop,Interstitial,United States,7,$6.22  ~ $7.55 ,$1.24 ,N/A,0.50%,N/A,N/A
Hobbies & Interests (Legacy),Business,Desktop,Outstream,United States,5,$4.98  ~ $5.13 ,$2.74 ,$5.48 ,0.18%,N/A,N/A
Hobbies & Interests (Legacy),Business,Mobile Web,Interstitial,United States,2,$6.62  ~ $7.99 ,$0.66 ,N/A,1.01%,N/A,N/A
Hobbies & Interests (Legacy),Business,Mobile Web,Outstream,United States,4,$3.58  ~ $6.54 ,$2.62 ,$15.94 ,0.14%,N/A,N/A
Hobbies & Interests (Legacy),Advertising,Mobile Web,Interstitial,United States,2,$27.76  ~ $27.76 ,N/A,N/A,N/A,N/A,N/A
Hobbies & Interests (Legacy),Advertising,Mobile Web,Outstream,United States,20,$12.84  ~ $30.31 ,$1.01 ,$1.01 ,1.27%,N/A,N/A
Hobbies & Interests (Legacy),Advertising,Desktop,Interstitial,United States,8,$0.00  ~ $0.00 ,N/A,N/A,N/A,N/A,N/A
Hobbies & Interests (Legacy),Advertising,Desktop,Outstream,United States,5,$7.79  ~ $32.51 ,$0.55 ,N/A,1.43%,N/A,N/A
Hobbies & Interests (Legacy),Personal Finance,Desktop,Outstream,United States,7,$1.27  ~ $2.34 ,N/A,N/A,N/A,N/A,N/A
Hobbies & Interests (Legacy),Personal Finance,Mobile Web,Outstream,United States,12,$3.87  ~ $5.28 ,$5.28 ,$44.43 ,0.07%,N/A,N/A
Hobbies & Interests (Legacy),Home & Garden,Desktop,Outstream,United States,4,$1.11  ~ $6.32 ,N/A,N/A,N/A,N/A,N/A
Hobbies & Interests (Legacy),Hobbies & Interests,Mobile Web,Outstream,United States,1,$5.23  ~ $7.92 ,$18.60 ,N/A,0.03%,N/A,N/A
Hobbies & Interests (Legacy),Real Estate,Mobile Web,Outstream,United States,1,$3.88  ~ $7.00 ,N/A,N/A,N/A,N/A,N/A
Hobbies & Interests (Legacy),Business Software,Desktop,Interstitial,United States,34,$9.52  ~ $20.95 ,N/A,N/A,N/A,N/A,N/A
Hobbies & Interests (Legacy),Advertising,Desktop,Rewarded,United States,3,$0.00  ~ $0.00 ,N/A,N/A,N/A,N/A,N/A
Home & Garden (Legacy),Personal Finance,Desktop,Outstream,United States,1,$5.12  ~ $5.31 ,N/A,N/A,N/A,N/A,N/A
Home & Garden (Legacy),Personal Finance,Mobile Web,Outstream,United States,9,$5.56  ~ $6.72 ,$5.07 ,$22.29 ,0.11%,N/A,N/A
Home & Garden (Legacy),Shopping,Desktop,Outstream,United States,1,$6.09  ~ $8.27 ,$5.38 ,N/A,0.11%,N/A,N/A
Home & Garden (Legacy),Shopping,Mobile Web,Outstream,United States,1,$0.68  ~ $5.73 ,$3.15 ,$11.49 ,0.02%,N/A,N/A
Home & Garden (Legacy),Advertising,Desktop,Outstream,United States,1,$12.95  ~ $33.31 ,N/A,N/A,N/A,N/A,N/A
Home & Garden (Legacy),Home & Garden,Mobile Web,Outstream,United States,1,$4.21  ~ $6.51 ,$4.92 ,$18.83 ,0.09%,N/A,N/A
Home & Garden (Legacy),Home & Garden,Desktop,Outstream,United States,1,$4.91  ~ $6.18 ,N/A,N/A,N/A,N/A,N/A
Home & Garden (Legacy),Business,Desktop,Interstitial,United States,1,$6.69  ~ $8.14 ,N/A,N/A,N/A,N/A,N/A
Home & Garden (Legacy),Business,Mobile Web,Outstream,United States,4,$5.32  ~ $7.05 ,$4.98 ,$29.95 ,0.11%,N/A,N/A
Home & Garden (Legacy),Business,Tablet,Outstream,United States,1,$5.95  ~ $7.22 ,$5.60 ,N/A,0.11%,N/A,N/A
Home & Garden (Legacy),Biotech/Biomedical,Tablet,Outstream,United States,1,$11.47  ~ $14.39 ,N/A,N/A,N/A,N/A,N/A
Home & Garden (Legacy),Advertising,Desktop,Interstitial,United States,1,$0.00  ~ $0.00 ,N/A,N/A,N/A,N/A,N/A
"Law, Gov't & Politics (Legacy)",Hobbies & Interests,Desktop,Outstream,United States,1,$7.19  ~ $8.12 ,$5.39 ,N/A,0.13%,N/A,N/A
"Law, Gov't & Politics (Legacy)",Real Estate,Desktop,Outstream,United States,1,$6.27  ~ $6.78 ,$5.75 ,N/A,0.11%,N/A,N/A
"Law, Gov't & Politics (Legacy)",Agriculture,Desktop,Outstream,Canada,1,$3.69  ~ $7.48 ,N/A,N/A,N/A,N/A,N/A
"Law, Gov't & Politics (Legacy)",Business Software,Desktop,Outstream,United States,1,$7.71  ~ $10.47 ,$3.40 ,$3.23 ,0.31%,N/A,N/A
"Law, Gov't & Politics (Legacy)",Shopping,Mobile Web,Outstream,United States,3,$0.50  ~ $4.56 ,$1.78 ,$12.45 ,0.03%,N/A,N/A
"Law, Gov't & Politics (Legacy)",Shopping,Desktop,Outstream,United States,1,$6.06  ~ $7.08 ,$4.37 ,N/A,0.14%,N/A,N/A
"Law, Gov't & Politics (Legacy)",Personal Finance,Mobile Web,Outstream,United States,6,$6.00  ~ $7.42 ,$3.33 ,$50.62 ,0.18%,N/A,N/A
"Law, Gov't & Politics (Legacy)",Personal Finance,Desktop,Outstream,United States,2,$7.65  ~ $8.27 ,$35.37 ,N/A,0.02%,N/A,N/A
"Law, Gov't & Politics (Legacy)",Home & Garden,Desktop,Outstream,United States,9,$5.01  ~ $6.41 ,N/A,N/A,N/A,N/A,N/A
"Law, Gov't & Politics (Legacy)",Education,Mobile Web,Outstream,Canada,1,$2.43  ~ $2.84 ,$2.22 ,$8.32 ,0.13%,N/A,N/A
"Law, Gov't & Politics (Legacy)",Education,Tablet,Outstream,United States,1,$6.39  ~ $12.89 ,$4.94 ,$8.97 ,0.26%,N/A,N/A
"Law, Gov't & Politics (Legacy)",Business,Desktop,Outstream,United States,5,$6.88  ~ $7.60 ,$6.06 ,$12.11 ,0.11%,N/A,N/A
"Law, Gov't & Politics (Legacy)",Business,Mobile Web,Outstream,United States,3,$6.38  ~ $7.62 ,$2.95 ,$31.07 ,0.22%,N/A,N/A
"Law, Gov't & Politics (Legacy)",Health & Fitness,Mobile Web,Outstream,Canada,2,$4.88  ~ $6.23 ,$5.43 ,N/A,0.11%,N/A,N/A
"Law, Gov't & Politics (Legacy)",Health & Fitness,Mobile Web,Outstream,United States,1,$5.01  ~ $6.36 ,$4.32 ,$35.24 ,0.15%,N/A,N/A
"Law, Gov't & Politics (Legacy)",Health & Fitness,Desktop,Outstream,United States,2,$4.55  ~ $7.13 ,$18.47 ,N/A,0.04%,N/A,N/A
"Law, Gov't & Politics (Legacy)",Adventure Travel,Mobile Web,Outstream,United States,1,$2.19  ~ $9.90 ,N/A,N/A,N/A,N/A,N/A
"Law, Gov't & Politics (Legacy)",News,Desktop,Outstream,United States,1,$11.21  ~ $12.47 ,N/A,N/A,N/A,N/A,N/A
"Law, Gov't & Politics (Legacy)",Arts & Entertainment,Mobile Web,Outstream,United States,1,$4.25  ~ $4.73 ,$1.42 ,$8.30 ,0.33%,N/A,N/A
"Law, Gov't & Politics (Legacy)",Arts & Entertainment,Tablet,Outstream,Canada,1,$4.20  ~ $5.21 ,N/A,N/A,N/A,N/A,N/A
"Law, Gov't & Politics (Legacy)",Advertising,Mobile Web,Outstream,United States,1,$17.03  ~ $29.49 ,N/A,N/A,N/A,N/A,N/A
"Law, Gov't & Politics (Legacy)",Advertising,Desktop,Outstream,United States,2,$16.28  ~ $33.71 ,N/A,N/A,N/A,N/A,N/A
"Law, Gov't & Politics (Legacy)",Biotech/Biomedical,Desktop,Outstream,United States,1,$6.64  ~ $6.64 ,N/A,N/A,N/A,N/A,N/A
"Law, Gov't & Politics (Legacy)",Music,Desktop,Outstream,United States,1,$7.36  ~ $7.39 ,N/A,N/A,N/A,N/A,N/A
"Law, Gov't & Politics (Legacy)",Advertising,Mobile Web,Interstitial,United States,1,$0.00  ~ $0.00 ,N/A,N/A,N/A,N/A,N/A
News (Legacy),Home & Garden,Tablet,Outstream,United States,7,$2.71  ~ $6.91 ,$2.39 ,N/A,0.11%,N/A,N/A
News (Legacy),Home & Garden,Desktop,Instream,United States,6,$4.16  ~ $6.25 ,N/A,N/A,N/A,N/A,N/A
News (Legacy),Home & Garden,Desktop,Outstream,United States,247,$4.99  ~ $7.34 ,$11.13 ,N/A,0.04%,N/A,N/A
News (Legacy),Home & Garden,Mobile Web,Outstream,United States,45,$3.50  ~ $6.30 ,$0.59 ,$5.07 ,0.60%,N/A,N/A
News (Legacy),Card Games,Mobile Web,Outstream,United States,1,$1.34  ~ $6.03 ,$3.42 ,N/A,0.04%,N/A,N/A
News (Legacy),Card Games,Desktop,Outstream,United States,2,$8.68  ~ $8.92 ,N/A,N/A,N/A,N/A,N/A
News (Legacy),Cocktails/Beer,Desktop,Outstream,United States,1,$13.81  ~ $13.81 ,N/A,N/A,N/A,N/A,N/A
News (Legacy),Hotels,Desktop,Outstream,United States,2,$5.36  ~ $12.18 ,N/A,N/A,N/A,N/A,N/A
News (Legacy),Hotels,Desktop,Outstream,Canada,1,$3.97  ~ $9.48 ,$0.35 ,N/A,1.12%,N/A,N/A
News (Legacy),Hotels,Mobile Web,Outstream,United States,1,$3.22  ~ $7.02 ,$8.86 ,N/A,0.04%,N/A,N/A
News (Legacy),Construction,Mobile Web,Outstream,United States,1,$3.00  ~ $6.44 ,$0.47 ,N/A,0.64%,N/A,N/A
News (Legacy),Business,Mobile Web,Outstream,United States,37,$5.89  ~ $7.58 ,$1.23 ,$13.69 ,0.48%,N/A,N/A
News (Legacy),Business,Desktop,Native,United States,4,$4.17  ~ $7.59 ,$0.70 ,N/A,0.60%,N/A,N/A
News (Legacy),Business,Desktop,Outstream,Canada,9,$4.43  ~ $5.74 ,$42.99 ,N/A,0.01%,N/A,N/A
News (Legacy),Business,Desktop,Outstream,United States,113,$6.89  ~ $7.57 ,$4.41 ,$11.41 ,0.16%,N/A,N/A
News (Legacy),Business,Desktop,Instream,United States,2,$7.99  ~ $8.64 ,N/A,N/A,N/A,N/A,N/A
News (Legacy),Business,Tablet,Outstream,United States,2,$6.22  ~ $8.00 ,$4.96 ,$24.57 ,0.13%,N/A,N/A
News (Legacy),Food & Drink,Desktop,Instream,United States,1,$6.86  ~ $10.43 ,N/A,N/A,N/A,N/A,N/A
News (Legacy),Food & Drink,Desktop,Outstream,United States,10,$7.02  ~ $7.82 ,$24.26 ,$17.53 ,0.03%,N/A,N/A
News (Legacy),Food & Drink,Mobile Web,Outstream,United States,5,$5.99  ~ $7.66 ,$1.96 ,N/A,0.31%,N/A,N/A
News (Legacy),Health & Fitness,Mobile Web,Outstream,Canada,1,$4.69  ~ $5.71 ,$0.15 ,$3.69 ,3.91%,N/A,N/A
News (Legacy),Health & Fitness,Mobile Web,Outstream,United States,28,$4.44  ~ $5.19 ,$2.67 ,$44.12 ,0.19%,N/A,N/A
News (Legacy),Health & Fitness,Desktop,Outstream,United States,39,$3.73  ~ $6.12 ,$9.50 ,$20.41 ,0.06%,N/A,N/A
News (Legacy),Health & Fitness,Desktop,Native,United States,2,$1.89  ~ $3.41 ,N/A,N/A,N/A,N/A,N/A
News (Legacy),Credit/Debt & Loans,Mobile Web,Outstream,United States,1,$2.55  ~ $7.78 ,$0.96 ,N/A,0.27%,N/A,N/A
News (Legacy),Credit/Debt & Loans,Tablet,Outstream,United States,1,$4.77  ~ $7.21 ,N/A,N/A,N/A,N/A,N/A
News (Legacy),Real Estate,Desktop,Outstream,United States,4,$5.23  ~ $6.81 ,$5.25 ,N/A,0.10%,N/A,N/A
News (Legacy),Real Estate,Desktop,Native,United States,3,$2.37  ~ $4.34 ,N/A,N/A,N/A,N/A,N/A
News (Legacy),Real Estate,Mobile Web,Outstream,United States,3,$6.12  ~ $6.78 ,$11.46 ,$59.57 ,0.05%,N/A,N/A
News (Legacy),News,Desktop,Outstream,United States,7,$10.14  ~ $10.92 ,$9.77 ,$6.62 ,0.11%,N/A,N/A
News (Legacy),News,Mobile Web,Outstream,United States,3,$8.76  ~ $10.46 ,$31.28 ,N/A,0.03%,N/A,N/A
News (Legacy),"Law, Gov't & Politics",Mobile Web,Outstream,United States,1,$18.85  ~ $30.88 ,$5.02 ,N/A,0.38%,N/A,N/A
News (Legacy),"Law, Gov't & Politics",Desktop,Outstream,United States,2,$25.42  ~ $31.37 ,N/A,N/A,N/A,N/A,N/A
News (Legacy),Travel,Mobile Web,Outstream,United States,9,$4.80  ~ $5.64 ,$0.30 ,$5.50 ,1.59%,N/A,N/A
News (Legacy),Travel,Mobile Web,Outstream,Canada,1,$4.62  ~ $5.41 ,$0.21 ,$3.02 ,2.20%,N/A,N/A
News (Legacy),Travel,Desktop,Native,United States,2,$4.63  ~ $5.54 ,N/A,N/A,N/A,N/A,N/A
News (Legacy),Travel,Desktop,Outstream,United States,27,$6.95  ~ $7.75 ,$24.64 ,N/A,0.03%,N/A,N/A
News (Legacy),Art/Technology,Desktop,Outstream,United States,5,$7.72  ~ $7.73 ,$5.92 ,N/A,0.13%,N/A,N/A
News (Legacy),Art/Technology,Mobile Web,Outstream,United States,1,$7.65  ~ $7.65 ,$12.11 ,N/A,0.06%,N/A,N/A
News (Legacy),Personal Finance,Mobile Web,Outstream,United States,96,$4.78  ~ $7.86 ,$2.34 ,$25.43 ,0.20%,N/A,N/A
News (Legacy),Personal Finance,Desktop,Outstream,United States,26,$8.32  ~ $8.67 ,$40.04 ,$175.93 ,0.02%,N/A,N/A
News (Legacy),Football,Desktop,Outstream,United States,1,$9.69  ~ $9.69 ,N/A,N/A,N/A,N/A,N/A
News (Legacy),Automotive,Desktop,Outstream,United States,3,$6.85  ~ $8.26 ,$31.52 ,N/A,0.02%,N/A,N/A
News (Legacy),Automotive,Mobile Web,Outstream,United States,4,$4.06  ~ $7.24 ,$1.04 ,N/A,0.39%,N/A,N/A
News (Legacy),Family & Parenting,Desktop,Outstream,United States,9,$6.33  ~ $6.68 ,$2.63 ,$4.41 ,0.25%,N/A,N/A
News (Legacy),Family & Parenting,Mobile Web,Outstream,United States,1,$5.90  ~ $7.22 ,$1.90 ,N/A,0.31%,N/A,N/A
News (Legacy),Shopping,Mobile Web,Outstream,United States,43,$0.58  ~ $4.74 ,$0.78 ,$5.64 ,0.07%,N/A,N/A
News (Legacy),Shopping,Desktop,Outstream,Canada,1,$2.12  ~ $5.00 ,$10.52 ,N/A,0.02%,N/A,N/A
News (Legacy),Shopping,Desktop,Outstream,United States,12,$6.00  ~ $6.69 ,$2.34 ,$9.86 ,0.26%,N/A,N/A
News (Legacy),Shopping,Desktop,Native,United States,1,$1.34  ~ $5.03 ,$0.19 ,N/A,0.70%,N/A,N/A
News (Legacy),Careers,Mobile Web,Outstream,United States,1,$6.83  ~ $6.94 ,$6.26 ,N/A,0.11%,N/A,N/A
News (Legacy),Careers,Desktop,Outstream,Canada,1,$3.78  ~ $3.92 ,N/A,N/A,N/A,N/A,N/A
News (Legacy),Careers,Desktop,Outstream,United States,2,$7.60  ~ $8.39 ,$5.30 ,N/A,0.16%,N/A,N/A
News (Legacy),Hobbies & Interests,Desktop,Outstream,United States,7,$7.06  ~ $8.28 ,$3.54 ,N/A,0.20%,N/A,N/A
News (Legacy),Hobbies & Interests,Desktop,Instream,United States,1,$7.47  ~ $7.72 ,N/A,N/A,N/A,N/A,N/A
News (Legacy),Hobbies & Interests,Mobile Web,Outstream,United States,2,$5.47  ~ $7.52 ,$1.46 ,$12.11 ,0.38%,N/A,N/A
News (Legacy),Pediatrics,Desktop,Outstream,United States,1,$7.70  ~ $10.67 ,N/A,N/A,N/A,N/A,N/A
News (Legacy),Investing,Desktop,Outstream,United States,1,$4.71  ~ $4.71 ,N/A,N/A,N/A,N/A,N/A
News (Legacy),Adventure Travel,Mobile Web,Outstream,United States,6,$1.78  ~ $9.76 ,N/A,N/A,N/A,N/A,N/A
News (Legacy),Arts & Entertainment,Desktop,Outstream,Canada,1,$3.18  ~ $4.96 ,$4.38 ,N/A,0.07%,N/A,N/A
News (Legacy),Arts & Entertainment,Desktop,Outstream,United States,18,$5.61  ~ $5.76 ,$12.96 ,$29.26 ,0.04%,N/A,N/A
News (Legacy),Arts & Entertainment,Mobile Web,Outstream,Canada,1,$4.97  ~ $5.17 ,$0.42 ,$7.71 ,1.24%,N/A,N/A
News (Legacy),Arts & Entertainment,Mobile Web,Outstream,United States,23,$4.46  ~ $5.26 ,$0.74 ,$9.63 ,0.71%,N/A,N/A
News (Legacy),Arts & Entertainment,Tablet,Outstream,Canada,1,$3.89  ~ $4.31 ,$1.95 ,N/A,0.20%,N/A,N/A
News (Legacy),Advertising,Desktop,Outstream,United States,7,$13.29  ~ $29.68 ,N/A,N/A,N/A,N/A,N/A
News (Legacy),Advertising,Desktop,Interstitial,United States,2,$0.00  ~ $2.67 ,N/A,N/A,N/A,N/A,N/A
News (Legacy),Advertising,Mobile Web,Outstream,United States,22,$14.98  ~ $29.47 ,$5.17 ,$10.26 ,0.29%,N/A,N/A
News (Legacy),Advertising,Mobile Web,Interstitial,United States,2,$34.70  ~ $34.70 ,N/A,N/A,N/A,N/A,N/A
News (Legacy),Music,Mobile Web,Outstream,United States,2,$6.86  ~ $6.90 ,$4.25 ,$98.49 ,0.16%,N/A,N/A
News (Legacy),Music,Desktop,Outstream,United States,4,$7.23  ~ $7.31 ,$20.73 ,N/A,0.03%,N/A,N/A
News (Legacy),Home Repair,Desktop,Outstream,United States,1,$7.65  ~ $9.20 ,$2.27 ,N/A,0.34%,N/A,N/A
News (Legacy),Home Repair,Mobile Web,Outstream,United States,1,$7.17  ~ $9.66 ,$2.58 ,N/A,0.28%,N/A,N/A
News (Legacy),Senior Living,Desktop,Outstream,United States,1,$3.99  ~ $6.83 ,N/A,N/A,N/A,N/A,N/A
News (Legacy),Interior Decorating,Mobile Web,Outstream,United States,5,$5.53  ~ $7.23 ,$0.73 ,N/A,0.99%,N/A,N/A
News (Legacy),Interior Decorating,Desktop,Outstream,United States,6,$7.90  ~ $9.56 ,$1.68 ,N/A,0.57%,N/A,N/A
News (Legacy),Horse Racing,Desktop,Outstream,United States,1,$11.00  ~ $25.80 ,N/A,N/A,N/A,N/A,N/A
News (Legacy),Politics,Mobile Web,Outstream,United States,3,$8.17  ~ $8.17 ,$9.86 ,N/A,0.08%,N/A,N/A
News (Legacy),Graduate School,Desktop,Outstream,United States,1,$8.36  ~ $9.58 ,N/A,N/A,N/A,N/A,N/A
News (Legacy),Buying/Selling Cars,Desktop,Outstream,United States,3,$6.53  ~ $7.75 ,N/A,N/A,N/A,N/A,N/A
News (Legacy),Biotech/Biomedical,Desktop,Outstream,United States,3,$18.28  ~ $18.55 ,N/A,N/A,N/A,N/A,N/A
News (Legacy),Biotech/Biomedical,Mobile Web,Outstream,United States,2,$15.03  ~ $15.41 ,$3.44 ,$13.49 ,0.44%,N/A,N/A
News (Legacy),Education,Desktop,Outstream,United States,6,$7.39  ~ $12.53 ,$38.23 ,$125.41 ,0.03%,N/A,N/A
News (Legacy),Education,Desktop,Outstream,Canada,7,$2.41  ~ $2.43 ,$6.61 ,N/A,0.04%,N/A,N/A
News (Legacy),Education,Desktop,Instream,United States,5,$8.22  ~ $8.86 ,N/A,N/A,N/A,N/A,N/A
News (Legacy),Education,Mobile Web,Outstream,United States,5,$7.50  ~ $11.87 ,$2.81 ,$45.58 ,0.42%,N/A,N/A
News (Legacy),Education,Mobile Web,Outstream,Canada,13,$2.31  ~ $2.54 ,$0.24 ,$1.93 ,1.05%,N/A,N/A
News (Legacy),Education,Tablet,Outstream,United States,1,$6.85  ~ $12.73 ,$14.60 ,$20.07 ,0.09%,N/A,N/A
News (Legacy),Advertising,Mobile Web,Rewarded,United States,1,$0.00  ~ $0.00 ,N/A,N/A,N/A,N/A,N/A
News (Legacy),Advertising,Desktop,Rewarded,United States,1,$0.00  ~ $0.00 ,N/A,N/A,N/A,N/A,N/A
Personal Finance (Legacy),Family & Parenting,Mobile Web,Outstream,United States,1,$6.06  ~ $6.59 ,$1.75 ,N/A,0.35%,N/A,N/A
Personal Finance (Legacy),Hobbies & Interests,Desktop,Outstream,United States,1,$7.05  ~ $8.13 ,N/A,N/A,N/A,N/A,N/A
Personal Finance (Legacy),Health & Fitness,Desktop,Outstream,United States,4,$3.88  ~ $6.70 ,N/A,N/A,N/A,N/A,N/A
Personal Finance (Legacy),Health & Fitness,Mobile Web,Outstream,United States,1,$5.57  ~ $6.61 ,$4.17 ,$8.68 ,0.16%,N/A,N/A
Personal Finance (Legacy),Politics,Desktop,Outstream,United States,1,$8.09  ~ $8.18 ,N/A,N/A,N/A,N/A,N/A
Personal Finance (Legacy),Home & Garden,Desktop,Outstream,United States,4,$3.79  ~ $6.68 ,N/A,N/A,N/A,N/A,N/A
Personal Finance (Legacy),Home & Garden,Mobile Web,Outstream,United States,2,$3.46  ~ $6.56 ,$1.60 ,N/A,0.22%,N/A,N/A
Personal Finance (Legacy),Home & Garden,Tablet,Outstream,United States,1,$2.76  ~ $5.79 ,$0.88 ,N/A,0.31%,N/A,N/A
Personal Finance (Legacy),Shopping,Desktop,Outstream,United States,1,$5.74  ~ $8.46 ,N/A,N/A,N/A,N/A,N/A
Personal Finance (Legacy),Shopping,Mobile Web,Interstitial,United States,1,$0.77  ~ $9.49 ,N/A,N/A,N/A,N/A,N/A
Personal Finance (Legacy),Business,Desktop,Outstream,United States,2,$6.91  ~ $9.05 ,$4.22 ,$29.28 ,0.16%,N/A,N/A
Personal Finance (Legacy),Business,Mobile Web,Outstream,United States,5,$6.08  ~ $7.80 ,$1.79 ,$12.40 ,0.34%,N/A,N/A
Personal Finance (Legacy),Education,Desktop,Outstream,Canada,1,$1.83  ~ $1.89 ,$1.47 ,N/A,0.13%,N/A,N/A
Personal Finance (Legacy),Travel,Mobile Web,Outstream,United States,1,$4.72  ~ $5.99 ,$0.33 ,$2.28 ,1.41%,N/A,N/A
Personal Finance (Legacy),Travel,Desktop,Outstream,United States,2,$6.01  ~ $6.36 ,N/A,N/A,N/A,N/A,N/A
Personal Finance (Legacy),Personal Finance,Desktop,Outstream,United States,5,$7.36  ~ $7.78 ,N/A,N/A,N/A,N/A,N/A
Personal Finance (Legacy),Personal Finance,Mobile Web,Outstream,United States,3,$6.14  ~ $8.30 ,$4.30 ,$16.64 ,0.14%,N/A,N/A
Personal Finance (Legacy),News,Mobile Web,Outstream,United States,2,$10.76  ~ $12.55 ,N/A,N/A,N/A,N/A,N/A
Personal Finance (Legacy),"Law, Gov't & Politics",Mobile Web,Outstream,United States,1,$23.24  ~ $35.98 ,N/A,N/A,N/A,N/A,N/A
Personal Finance (Legacy),Arts & Entertainment,Desktop,Outstream,United States,1,$5.99  ~ $6.09 ,$3.43 ,N/A,0.17%,N/A,N/A
Personal Finance (Legacy),Arts & Entertainment,Mobile Web,Outstream,United States,1,$5.24  ~ $5.46 ,$1.72 ,$2.94 ,0.32%,N/A,N/A
Personal Finance (Legacy),Advertising,Mobile Web,Outstream,United States,1,$13.10  ~ $28.75 ,N/A,N/A,N/A,N/A,N/A
Personal Finance (Legacy),Advertising,Desktop,Outstream,United States,1,$9.52  ~ $27.76 ,N/A,N/A,N/A,N/A,N/A
Pets (Legacy),Personal Finance,Desktop,Outstream,United States,1,$4.57  ~ $4.70 ,N/A,N/A,N/A,N/A,N/A
Pets (Legacy),Business,Mobile Web,Outstream,United States,1,$5.66  ~ $7.05 ,$1.90 ,N/A,0.30%,N/A,N/A
Pets (Legacy),Advertising,Mobile Web,Outstream,United States,3,$8.78  ~ $27.76 ,N/A,N/A,N/A,N/A,N/A
Real Estate (Legacy),Government,Desktop,Outstream,United States,3,$8.30  ~ $18.47 ,N/A,N/A,N/A,N/A,N/A
Real Estate (Legacy),Advertising,Mobile Web,Outstream,United States,3,$13.06  ~ $29.87 ,N/A,N/A,N/A,N/A,N/A
Real Estate (Legacy),Art/Technology,Desktop,Outstream,United States,2,$7.25  ~ $7.31 ,N/A,N/A,N/A,N/A,N/A
Real Estate (Legacy),Art/Technology,Mobile Web,Outstream,United States,2,$7.54  ~ $7.60 ,N/A,N/A,N/A,N/A,N/A
Real Estate (Legacy),Politics,Desktop,Outstream,United States,1,$8.19  ~ $8.19 ,N/A,N/A,N/A,N/A,N/A
Real Estate (Legacy),Home & Garden,Tablet,Outstream,United States,13,$4.01  ~ $8.77 ,N/A,N/A,N/A,N/A,N/A
Real Estate (Legacy),Home & Garden,Desktop,Outstream,United States,138,$4.99  ~ $7.33 ,N/A,N/A,N/A,N/A,N/A
Real Estate (Legacy),Home & Garden,Mobile Web,Outstream,United States,26,$4.11  ~ $6.61 ,$5.98 ,$13.95 ,0.07%,N/A,N/A
Real Estate (Legacy),Careers,Mobile Web,Outstream,United States,4,$7.03  ~ $7.31 ,N/A,N/A,N/A,N/A,N/A
Real Estate (Legacy),Careers,Desktop,Outstream,United States,6,$7.82  ~ $8.42 ,N/A,N/A,N/A,N/A,N/A
Real Estate (Legacy),Personal Finance,Desktop,Outstream,United States,32,$6.87  ~ $7.09 ,N/A,N/A,N/A,N/A,N/A
Real Estate (Legacy),Personal Finance,Mobile Web,Outstream,United States,10,$4.86  ~ $6.71 ,$3.07 ,N/A,0.16%,N/A,N/A
Real Estate (Legacy),Remodeling & Construction,Desktop,Outstream,United States,1,$7.09  ~ $10.72 ,N/A,N/A,N/A,N/A,N/A
Real Estate (Legacy),Agriculture,Desktop,Outstream,United States,1,$4.11  ~ $6.17 ,N/A,N/A,N/A,N/A,N/A
Real Estate (Legacy),Music,Mobile Web,Outstream,United States,2,$7.32  ~ $7.41 ,N/A,N/A,N/A,N/A,N/A
Real Estate (Legacy),Music,Desktop,Outstream,United States,27,$7.95  ~ $8.02 ,N/A,N/A,N/A,N/A,N/A
Real Estate (Legacy),Education,Desktop,Outstream,Canada,1,$1.38  ~ $1.46 ,N/A,N/A,N/A,N/A,N/A
Real Estate (Legacy),Education,Desktop,Outstream,United States,19,$7.73  ~ $8.94 ,N/A,N/A,N/A,N/A,N/A
Real Estate (Legacy),Education,Mobile Web,Outstream,United States,10,$7.68  ~ $8.83 ,$4.88 ,N/A,0.18%,N/A,N/A
Real Estate (Legacy),Business,Desktop,Outstream,United States,71,$7.47  ~ $8.61 ,$15.75 ,$48.12 ,0.05%,N/A,N/A
Real Estate (Legacy),Business,Mobile Web,Outstream,United States,45,$6.29  ~ $7.84 ,$3.71 ,$29.10 ,0.17%,N/A,N/A
Real Estate (Legacy),Adventure Travel,Desktop,Outstream,United States,1,$1.17  ~ $2.59 ,N/A,N/A,N/A,N/A,N/A
Real Estate (Legacy),Hobbies & Interests,Mobile Web,Outstream,United States,8,$5.05  ~ $7.77 ,$3.06 ,N/A,0.16%,N/A,N/A
Real Estate (Legacy),Hobbies & Interests,Desktop,Outstream,United States,16,$6.79  ~ $8.15 ,N/A,N/A,N/A,N/A,N/A
Real Estate (Legacy),Travel,Mobile Web,Outstream,United States,10,$5.62  ~ $5.98 ,$0.70 ,$9.37 ,0.80%,N/A,N/A
Real Estate (Legacy),Travel,Desktop,Outstream,United States,48,$6.71  ~ $6.85 ,N/A,N/A,N/A,N/A,N/A
Real Estate (Legacy),Travel,Tablet,Outstream,United States,1,$5.72  ~ $5.92 ,N/A,N/A,N/A,N/A,N/A
Real Estate (Legacy),Buying/Selling Cars,Desktop,Outstream,United States,7,$7.33  ~ $7.90 ,N/A,N/A,N/A,N/A,N/A
Real Estate (Legacy),Buying/Selling Cars,Mobile Web,Outstream,United States,2,$6.85  ~ $7.58 ,N/A,N/A,N/A,N/A,N/A
Real Estate (Legacy),Arts & Entertainment,Desktop,Outstream,United States,34,$6.55  ~ $7.24 ,$9.50 ,N/A,0.08%,N/A,N/A
Real Estate (Legacy),Arts & Entertainment,Mobile Web,Outstream,United States,17,$5.84  ~ $6.06 ,$4.25 ,N/A,0.14%,N/A,N/A
Real Estate (Legacy),Arts & Entertainment,Tablet,Outstream,United States,2,$5.56  ~ $5.70 ,$2.67 ,N/A,0.21%,N/A,N/A
Real Estate (Legacy),Hotels,Mobile Web,Outstream,United States,2,$4.72  ~ $10.90 ,N/A,N/A,N/A,N/A,N/A
Real Estate (Legacy),Credit/Debt & Loans,Desktop,Outstream,United States,1,$2.73  ~ $7.15 ,N/A,N/A,N/A,N/A,N/A
Real Estate (Legacy),Biotech/Biomedical,Desktop,Outstream,United States,8,$17.96  ~ $22.02 ,N/A,N/A,N/A,N/A,N/A
Real Estate (Legacy),Biotech/Biomedical,Mobile Web,Outstream,United States,2,$18.63  ~ $38.59 ,N/A,N/A,N/A,N/A,N/A
Real Estate (Legacy),Shopping,Desktop,Outstream,United States,30,$6.33  ~ $7.33 ,$6.01 ,N/A,0.11%,N/A,N/A
Real Estate (Legacy),Shopping,Mobile Web,Outstream,United States,19,$0.56  ~ $5.23 ,$4.84 ,$14.18 ,0.01%,N/A,N/A
Real Estate (Legacy),Shopping,Tablet,Outstream,United States,1,$5.99  ~ $7.47 ,N/A,N/A,N/A,N/A,N/A
Real Estate (Legacy),Health & Fitness,Desktop,Outstream,United States,51,$6.43  ~ $8.77 ,N/A,N/A,N/A,N/A,N/A
Real Estate (Legacy),Health & Fitness,Mobile Web,Outstream,United States,18,$5.19  ~ $6.36 ,$2.78 ,N/A,0.23%,N/A,N/A
Real Estate (Legacy),Job Search,Desktop,Outstream,United States,1,$9.24  ~ $10.34 ,N/A,N/A,N/A,N/A,N/A
Real Estate (Legacy),Family & Parenting,Desktop,Outstream,United States,9,$5.80  ~ $5.84 ,$3.17 ,$2.19 ,0.18%,N/A,N/A
Real Estate (Legacy),Family & Parenting,Mobile Web,Outstream,United States,4,$5.81  ~ $7.48 ,$1.23 ,$4.32 ,0.47%,N/A,N/A
Real Estate (Legacy),Family & Parenting,Tablet,Outstream,United States,1,$5.44  ~ $5.60 ,N/A,N/A,N/A,N/A,N/A
Real Estate (Legacy),Business Software,Desktop,Outstream,United States,3,$6.56  ~ $10.39 ,N/A,N/A,N/A,N/A,N/A
Real Estate (Legacy),Pets,Mobile Web,Outstream,United States,1,$7.22  ~ $7.68 ,$1.69 ,N/A,0.43%,N/A,N/A
Real Estate (Legacy),Pets,Desktop,Outstream,United States,8,$7.67  ~ $7.82 ,N/A,N/A,N/A,N/A,N/A
Real Estate (Legacy),"Law, Gov't & Politics",Desktop,Outstream,United States,6,$26.82  ~ $35.71 ,N/A,N/A,N/A,N/A,N/A
Real Estate (Legacy),Large Animals,Desktop,Outstream,United States,6,$8.27  ~ $8.27 ,N/A,N/A,N/A,N/A,N/A
Real Estate (Legacy),Real Estate,Desktop,Outstream,United States,876,$5.36  ~ $6.73 ,N/A,N/A,N/A,N/A,N/A
Real Estate (Legacy),Real Estate,Mobile Web,Outstream,United States,374,$6.01  ~ $6.70 ,N/A,N/A,N/A,N/A,N/A
Real Estate (Legacy),Real Estate,Tablet,Outstream,United States,14,$5.17  ~ $6.20 ,N/A,N/A,N/A,N/A,N/A
Real Estate (Legacy),Exercise,Mobile Web,Outstream,United States,1,$8.95  ~ $11.44 ,N/A,N/A,N/A,N/A,N/A
Real Estate (Legacy),News,Desktop,Outstream,United States,6,$9.62  ~ $13.21 ,N/A,N/A,N/A,N/A,N/A
Real Estate (Legacy),News,Mobile Web,Outstream,United States,5,$10.19  ~ $11.74 ,N/A,N/A,N/A,N/A,N/A
Real Estate (Legacy),Home Repair,Desktop,Outstream,United States,3,$7.73  ~ $9.10 ,N/A,N/A,N/A,N/A,N/A
Real Estate (Legacy),Insurance,Desktop,Outstream,United States,1,$8.56  ~ $11.63 ,N/A,N/A,N/A,N/A,N/A
Real Estate (Legacy),Automotive,Desktop,Outstream,United States,4,$6.74  ~ $8.81 ,N/A,N/A,N/A,N/A,N/A
Real Estate (Legacy),Automotive,Mobile Web,Outstream,United States,1,$5.65  ~ $7.78 ,$1.18 ,N/A,0.48%,N/A,N/A
Real Estate (Legacy),Food & Drink,Desktop,Outstream,United States,13,$7.55  ~ $7.70 ,N/A,N/A,N/A,N/A,N/A
Real Estate (Legacy),Food & Drink,Mobile Web,Outstream,United States,6,$6.05  ~ $7.37 ,$15.90 ,N/A,0.04%,N/A,N/A
Real Estate (Legacy),Food & Drink,Tablet,Outstream,United States,1,$6.53  ~ $7.95 ,N/A,N/A,N/A,N/A,N/A
Religion & Spirituality (Legacy),Health & Fitness,Desktop,Outstream,United States,1,$2.66  ~ $5.87 ,$4.51 ,N/A,0.13%,N/A,N/A
Religion & Spirituality (Legacy),Personal Finance,Mobile Web,Outstream,United States,3,$3.58  ~ $6.00 ,N/A,N/A,N/A,N/A,N/A
Religion & Spirituality (Legacy),Advertising,Mobile Web,Outstream,United States,2,$15.88  ~ $28.91 ,N/A,N/A,N/A,N/A,N/A
Religion & Spirituality (Legacy),Shopping,Mobile Web,Outstream,United States,1,$0.44  ~ $3.62 ,$6.19 ,N/A,0.01%,N/A,N/A
Science (Legacy),Advertising,Desktop,Outstream,United States,2,$10.16  ~ $27.76 ,N/A,N/A,N/A,N/A,N/A
Science (Legacy),Advertising,Mobile Web,Outstream,United States,6,$17.74  ~ $30.26 ,N/A,N/A,N/A,N/A,N/A
Science (Legacy),Personal Finance,Mobile Web,Outstream,United States,2,$6.45  ~ $7.81 ,$4.59 ,N/A,0.14%,N/A,N/A
Science (Legacy),Personal Finance,Desktop,Outstream,United States,1,$5.34  ~ $5.98 ,N/A,N/A,N/A,N/A,N/A
Science (Legacy),Business,Desktop,Outstream,United States,1,$6.56  ~ $7.65 ,$3.44 ,$13.68 ,0.19%,N/A,N/A
Science (Legacy),Business,Mobile Web,Outstream,United States,5,$6.19  ~ $7.64 ,$3.50 ,$66.44 ,0.18%,N/A,N/A
Science (Legacy),Home & Garden,Desktop,Outstream,United States,2,$4.37  ~ $6.47 ,N/A,N/A,N/A,N/A,N/A
Science (Legacy),Home & Garden,Mobile Web,Outstream,United States,1,$4.04  ~ $7.25 ,$2.55 ,N/A,0.16%,N/A,N/A
Science (Legacy),Health & Fitness,Desktop,Outstream,United States,1,$5.17  ~ $7.89 ,N/A,N/A,N/A,N/A,N/A
Science (Legacy),Health & Fitness,Mobile Web,Outstream,United States,2,$6.40  ~ $8.38 ,$13.56 ,$35.77 ,0.06%,N/A,N/A
Science (Legacy),Shopping,Mobile Web,Outstream,United States,4,$0.57  ~ $4.56 ,$4.36 ,$9.03 ,0.01%,N/A,N/A
Science (Legacy),Adventure Travel,Mobile Web,Outstream,United States,1,$1.92  ~ $9.51 ,N/A,N/A,N/A,N/A,N/A
Science (Legacy),Advertising,Desktop,Interstitial,United States,1,$0.00  ~ $0.00 ,N/A,N/A,N/A,N/A,N/A
Shopping (Legacy),Home & Garden,Desktop,Outstream,United States,5,$3.71  ~ $6.60 ,$2.62 ,N/A,0.14%,N/A,N/A
Shopping (Legacy),Home & Garden,Mobile Web,Outstream,United States,4,$3.98  ~ $6.99 ,$1.05 ,N/A,0.38%,N/A,N/A
Shopping (Legacy),Personal Finance,Mobile Web,Outstream,United States,5,$6.11  ~ $7.62 ,$4.22 ,N/A,0.14%,N/A,N/A
Shopping (Legacy),Hotels,Desktop,Outstream,United States,1,$6.38  ~ $13.53 ,N/A,N/A,N/A,N/A,N/A
Shopping (Legacy),Business,Desktop,Outstream,United States,6,$6.31  ~ $7.77 ,$6.37 ,$20.20 ,0.10%,N/A,N/A
Shopping (Legacy),Business,Mobile Web,Outstream,United States,2,$5.92  ~ $7.68 ,$2.29 ,$24.66 ,0.26%,N/A,N/A
Shopping (Legacy),Arts & Entertainment,Desktop,Outstream,United States,3,$6.14  ~ $6.65 ,N/A,N/A,N/A,N/A,N/A
Shopping (Legacy),Arts & Entertainment,Mobile Web,Outstream,United States,1,$6.25  ~ $6.32 ,$2.57 ,N/A,0.25%,N/A,N/A
Shopping (Legacy),Shopping,Mobile Web,Outstream,United States,3,$0.48  ~ $5.63 ,$2.22 ,N/A,0.02%,N/A,N/A
Shopping (Legacy),Advertising,Mobile Web,Outstream,United States,8,$15.34  ~ $29.20 ,N/A,N/A,N/A,N/A,N/A
Shopping (Legacy),Advertising,Desktop,Outstream,United States,1,$11.24  ~ $41.64 ,N/A,N/A,N/A,N/A,N/A
Shopping (Legacy),Travel,Desktop,Outstream,United States,1,$5.81  ~ $6.14 ,N/A,N/A,N/A,N/A,N/A
Shopping (Legacy),Real Estate,Desktop,Outstream,United States,1,$5.70  ~ $6.56 ,N/A,N/A,N/A,N/A,N/A
Shopping (Legacy),Health & Fitness,Desktop,Outstream,United States,2,$4.51  ~ $6.62 ,N/A,N/A,N/A,N/A,N/A
Society (Legacy),Real Estate,Desktop,Outstream,United States,1,$5.43  ~ $6.51 ,N/A,N/A,N/A,N/A,N/A
Society (Legacy),Real Estate,Mobile Web,Outstream,United States,3,$6.01  ~ $6.78 ,$4.43 ,N/A,0.14%,N/A,N/A
Society (Legacy),Personal Finance,Mobile Web,Outstream,United States,1,$4.51  ~ $6.22 ,$6.73 ,N/A,0.07%,N/A,N/A
Society (Legacy),Personal Finance,Desktop,Outstream,United States,2,$4.63  ~ $5.34 ,N/A,N/A,N/A,N/A,N/A
Society (Legacy),Shopping,Desktop,Outstream,United States,1,$5.45  ~ $6.24 ,$8.47 ,N/A,0.06%,N/A,N/A
Society (Legacy),Shopping,Mobile Web,Outstream,United States,14,$0.47  ~ $4.16 ,$2.87 ,N/A,0.02%,N/A,N/A
Society (Legacy),Arts & Entertainment,Desktop,Outstream,United States,3,$6.10  ~ $6.30 ,N/A,N/A,N/A,N/A,N/A
Society (Legacy),Automotive,Mobile Web,Outstream,United States,1,$4.18  ~ $7.33 ,$2.43 ,N/A,0.17%,N/A,N/A
Society (Legacy),Business,Desktop,Outstream,Canada,3,$2.65  ~ $4.10 ,N/A,N/A,N/A,N/A,N/A
Society (Legacy),Business,Desktop,Outstream,United States,3,$6.30  ~ $7.81 ,$1.49 ,$3.98 ,0.42%,N/A,N/A
Society (Legacy),Business,Mobile Web,Outstream,United States,6,$4.87  ~ $7.10 ,$9.08 ,$27.84 ,0.05%,N/A,N/A
Society (Legacy),Business,Mobile Web,Interstitial,United States,1,$6.58  ~ $6.88 ,$0.32 ,N/A,2.08%,N/A,N/A
Society (Legacy),Education,Desktop,Outstream,Canada,2,$1.73  ~ $1.92 ,N/A,N/A,N/A,N/A,N/A
Society (Legacy),Education,Mobile Web,Outstream,United States,5,$7.56  ~ $8.11 ,$6.66 ,N/A,0.12%,N/A,N/A
Society (Legacy),Hobbies & Interests,Mobile Web,Outstream,United States,1,$5.92  ~ $7.34 ,$6.52 ,$24.42 ,0.09%,N/A,N/A
Society (Legacy),Hobbies & Interests,Desktop,Outstream,United States,1,$6.71  ~ $7.72 ,$5.86 ,$5.74 ,0.11%,N/A,N/A
Society (Legacy),Home & Garden,Desktop,Outstream,United States,1,$3.69  ~ $6.09 ,N/A,N/A,N/A,N/A,N/A
Society (Legacy),Home & Garden,Mobile Web,Outstream,United States,4,$3.24  ~ $5.94 ,$2.87 ,$18.11 ,0.11%,N/A,N/A
Society (Legacy),Health & Fitness,Desktop,Outstream,United States,3,$3.54  ~ $5.84 ,$6.45 ,N/A,0.09%,N/A,N/A
Society (Legacy),Health & Fitness,Mobile Web,Outstream,United States,2,$3.04  ~ $4.93 ,$7.04 ,$40.25 ,0.07%,N/A,N/A
Society (Legacy),Careers,Mobile Web,Outstream,United States,1,$6.90  ~ $6.97 ,N/A,N/A,N/A,N/A,N/A
Society (Legacy),Advertising,Desktop,Outstream,United States,5,$13.38  ~ $29.49 ,N/A,N/A,N/A,N/A,N/A
Society (Legacy),News,Desktop,Outstream,United States,1,$8.61  ~ $9.59 ,N/A,N/A,N/A,N/A,N/A
Sports (Legacy),Travel,Mobile Web,Outstream,Canada,1,$4.37  ~ $6.99 ,$1.42 ,N/A,0.31%,N/A,N/A
Sports (Legacy),Travel,Desktop,Outstream,United States,8,$6.01  ~ $6.44 ,N/A,N/A,N/A,N/A,N/A
Sports (Legacy),Careers,Desktop,Outstream,United States,1,$7.16  ~ $8.51 ,N/A,N/A,N/A,N/A,N/A
Sports (Legacy),Careers,Mobile Web,Outstream,United States,1,$6.89  ~ $7.15 ,N/A,N/A,N/A,N/A,N/A
Sports (Legacy),Health & Fitness,Desktop,Outstream,United States,14,$3.26  ~ $6.14 ,$17.38 ,N/A,0.04%,N/A,N/A
Sports (Legacy),Health & Fitness,Mobile Web,Outstream,United States,1,$3.88  ~ $5.81 ,$2.60 ,$24.24 ,0.22%,N/A,N/A
Sports (Legacy),Health & Fitness,Mobile Web,Outstream,Canada,2,$4.42  ~ $4.59 ,$2.63 ,N/A,0.17%,N/A,N/A
Sports (Legacy),Remodeling & Construction,Mobile Web,Outstream,United States,1,$7.28  ~ $11.01 ,$1.92 ,N/A,0.38%,N/A,N/A
Sports (Legacy),News,Desktop,Outstream,United States,2,$8.66  ~ $9.23 ,N/A,N/A,N/A,N/A,N/A
Sports (Legacy),Hobbies & Interests,Mobile Web,Outstream,United States,1,$5.94  ~ $7.94 ,$4.40 ,$15.66 ,0.14%,N/A,N/A
Sports (Legacy),Hobbies & Interests,Desktop,Outstream,United States,2,$6.88  ~ $8.02 ,$7.87 ,N/A,0.09%,N/A,N/A
Sports (Legacy),Automotive,Desktop,Outstream,United States,1,$5.79  ~ $6.76 ,N/A,N/A,N/A,N/A,N/A
Sports (Legacy),Business,Desktop,Outstream,United States,30,$6.74  ~ $7.55 ,$10.95 ,$21.85 ,0.06%,N/A,N/A
Sports (Legacy),Business,Mobile Web,Outstream,Canada,1,$3.79  ~ $5.11 ,$2.05 ,N/A,0.18%,N/A,N/A
Sports (Legacy),Business,Mobile Web,Outstream,United States,4,$5.72  ~ $7.33 ,$1.27 ,$11.20 ,0.45%,N/A,N/A
Sports (Legacy),Business,Tablet,Outstream,United States,2,$5.70  ~ $6.97 ,$8.97 ,N/A,0.06%,N/A,N/A
Sports (Legacy),Cold & Flu,Desktop,Outstream,United States,1,$7.58  ~ $7.77 ,N/A,N/A,N/A,N/A,N/A
Sports (Legacy),Real Estate,Desktop,Outstream,United States,2,$3.93  ~ $7.15 ,$3.92 ,N/A,0.10%,N/A,N/A
Sports (Legacy),Real Estate,Mobile Web,Outstream,United States,1,$5.33  ~ $6.97 ,$1.60 ,$11.20 ,0.33%,N/A,N/A
Sports (Legacy),Appliances,Desktop,Outstream,United States,1,$9.27  ~ $9.40 ,N/A,N/A,N/A,N/A,N/A
Sports (Legacy),Arts & Entertainment,Desktop,Outstream,United States,3,$5.92  ~ $6.16 ,N/A,N/A,N/A,N/A,N/A
Sports (Legacy),Arts & Entertainment,Mobile Web,Outstream,United States,1,$5.56  ~ $5.77 ,$3.24 ,N/A,0.18%,N/A,N/A
Sports (Legacy),Advertising,Desktop,Interstitial,United States,1,$0.00  ~ $0.00 ,N/A,N/A,N/A,N/A,N/A
Sports (Legacy),Advertising,Desktop,Outstream,United States,12,$10.87  ~ $30.73 ,N/A,N/A,N/A,N/A,N/A
Sports (Legacy),Home & Garden,Desktop,Outstream,United States,15,$3.39  ~ $6.40 ,$7.40 ,N/A,0.05%,N/A,N/A
Sports (Legacy),Home & Garden,Mobile Web,Outstream,United States,35,$3.30  ~ $6.17 ,$0.85 ,$8.27 ,0.39%,N/A,N/A
Sports (Legacy),Personal Finance,Mobile Web,Outstream,United States,5,$5.23  ~ $6.87 ,$2.38 ,$33.57 ,0.22%,N/A,N/A
Sports (Legacy),Personal Finance,Desktop,Outstream,United States,18,$5.47  ~ $5.59 ,$27.08 ,$40.80 ,0.02%,N/A,N/A
Sports (Legacy),Shopping,Desktop,Outstream,United States,7,$4.70  ~ $6.82 ,$5.37 ,N/A,0.09%,N/A,N/A
Sports (Legacy),Shopping,Mobile Web,Outstream,United States,5,$0.50  ~ $3.81 ,$1.99 ,$10.87 ,0.03%,N/A,N/A
Sports (Legacy),Education,Mobile Web,Outstream,United States,1,$7.83  ~ $8.51 ,$1.41 ,$14.59 ,0.60%,N/A,N/A
Sports (Legacy),Pets,Desktop,Outstream,United States,2,$4.32  ~ $4.99 ,N/A,N/A,N/A,N/A,N/A
Sports (Legacy),Agriculture,Desktop,Rewarded,United States,1,$0.00  ~ $0.00 ,N/A,N/A,N/A,N/A,N/A
Style & Fashion (Legacy),Home & Garden,Mobile Web,Outstream,United States,3,$3.38  ~ $6.37 ,$2.76 ,N/A,0.12%,N/A,N/A
Style & Fashion (Legacy),Shopping,Mobile Web,Outstream,United States,2,$0.63  ~ $5.90 ,$2.86 ,N/A,0.02%,N/A,N/A
Style & Fashion (Legacy),Personal Finance,Mobile Web,Outstream,United States,1,$4.83  ~ $6.18 ,$9.77 ,N/A,0.05%,N/A,N/A
Style & Fashion (Legacy),Personal Finance,Desktop,Outstream,United States,1,$5.15  ~ $5.71 ,N/A,N/A,N/A,N/A,N/A
Style & Fashion (Legacy),Travel,Tablet,Outstream,United States,1,$4.24  ~ $4.30 ,N/A,N/A,N/A,N/A,N/A
Style & Fashion (Legacy),Advertising,Mobile Web,Outstream,United States,1,$15.47  ~ $30.73 ,N/A,N/A,N/A,N/A,N/A
Style & Fashion (Legacy),Business,Desktop,Outstream,United States,2,$6.48  ~ $7.51 ,$2.05 ,$3.35 ,0.32%,N/A,N/A
Style & Fashion (Legacy),Business,Mobile Web,Outstream,United States,8,$5.16  ~ $6.80 ,$4.63 ,$23.77 ,0.11%,N/A,N/A
Style & Fashion (Legacy),Business,Tablet,Outstream,United States,1,$5.59  ~ $6.41 ,$5.28 ,$7.80 ,0.11%,N/A,N/A
Style & Fashion (Legacy),Careers,Mobile Web,Outstream,United States,1,$6.83  ~ $7.14 ,N/A,N/A,N/A,N/A,N/A
Style & Fashion (Legacy),Advertising,Desktop,Rewarded,United States,1,$0.00  ~ $0.00 ,N/A,N/A,N/A,N/A,N/A
Technology & Computing (Legacy),Politics,Desktop,Outstream,United States,1,$8.16  ~ $8.16 ,N/A,N/A,N/A,N/A,N/A
Technology & Computing (Legacy),Advertising,Desktop,Outstream,United States,2,$10.33  ~ $33.43 ,$0.68 ,N/A,1.52%,N/A,N/A
Technology & Computing (Legacy),Advertising,Mobile Web,Outstream,United States,7,$11.57  ~ $33.40 ,$0.91 ,$0.90 ,1.27%,N/A,N/A
Technology & Computing (Legacy),Real Estate,Desktop,Outstream,United States,2,$6.05  ~ $6.70 ,N/A,N/A,N/A,N/A,N/A
Technology & Computing (Legacy),Travel,Desktop,Outstream,United States,2,$4.94  ~ $5.30 ,$3.86 ,N/A,0.13%,N/A,N/A
Technology & Computing (Legacy),Business,Desktop,Interstitial,United States,2,$9.72  ~ $11.80 ,N/A,N/A,N/A,N/A,N/A
Technology & Computing (Legacy),Business,Desktop,Outstream,United States,19,$7.00  ~ $8.76 ,$2.82 ,$6.58 ,0.25%,N/A,N/A
Technology & Computing (Legacy),Business,Mobile Web,Outstream,United States,9,$5.13  ~ $7.71 ,$5.63 ,$35.12 ,0.09%,N/A,N/A
Technology & Computing (Legacy),Home & Garden,Desktop,Outstream,United States,1,$3.16  ~ $6.87 ,$3.26 ,N/A,0.10%,N/A,N/A
Technology & Computing (Legacy),Home & Garden,Mobile Web,Outstream,United States,8,$2.84  ~ $6.43 ,$2.08 ,$6.60 ,0.14%,N/A,N/A
Technology & Computing (Legacy),Health & Fitness,Desktop,Outstream,United States,6,$3.36  ~ $6.00 ,$23.33 ,N/A,0.03%,N/A,N/A
Technology & Computing (Legacy),Health & Fitness,Mobile Web,Outstream,United States,1,$3.75  ~ $5.07 ,$6.42 ,$17.51 ,0.08%,N/A,N/A
Technology & Computing (Legacy),Shopping,Mobile Web,Outstream,United States,12,$0.56  ~ $4.46 ,$2.89 ,$10.64 ,0.02%,N/A,N/A
Technology & Computing (Legacy),Shopping,Desktop,Outstream,United States,1,$6.85  ~ $6.94 ,$1.41 ,$4.77 ,0.49%,N/A,N/A
Technology & Computing (Legacy),Education,Desktop,Outstream,United States,2,$7.49  ~ $7.87 ,$14.33 ,N/A,0.05%,N/A,N/A
Technology & Computing (Legacy),Education,Desktop,Interstitial,United States,1,$4.98  ~ $5.54 ,N/A,N/A,N/A,N/A,N/A
Technology & Computing (Legacy),Education,Mobile Web,Outstream,Canada,7,$1.80  ~ $1.99 ,$1.25 ,$9.20 ,0.16%,N/A,N/A
Technology & Computing (Legacy),Education,Mobile Web,Outstream,United States,1,$7.59  ~ $7.81 ,$6.42 ,N/A,0.12%,N/A,N/A
Technology & Computing (Legacy),Food & Drink,Desktop,Outstream,United States,1,$6.52  ~ $7.70 ,N/A,N/A,N/A,N/A,N/A
Technology & Computing (Legacy),Hobbies & Interests,Mobile Web,Outstream,United States,1,$5.76  ~ $7.99 ,$4.22 ,N/A,0.14%,N/A,N/A
Technology & Computing (Legacy),Personal Finance,Desktop,Outstream,United States,7,$4.26  ~ $4.96 ,$27.61 ,N/A,0.02%,N/A,N/A
Technology & Computing (Legacy),Personal Finance,Mobile Web,Outstream,United States,10,$4.81  ~ $6.82 ,$4.80 ,$27.34 ,0.10%,N/A,N/A
Technology & Computing (Legacy),Arts & Entertainment,Desktop,Outstream,United States,5,$6.03  ~ $6.47 ,$9.77 ,N/A,0.06%,N/A,N/A
Technology & Computing (Legacy),Arts & Entertainment,Mobile Web,Outstream,United States,2,$5.34  ~ $5.57 ,$3.82 ,N/A,0.14%,N/A,N/A
Technology & Computing (Legacy),Arts & Entertainment,Mobile Web,Interstitial,United States,1,$6.06  ~ $7.05 ,N/A,N/A,N/A,N/A,N/A
Travel (Legacy),Health & Fitness,Mobile Web,Outstream,United States,2,$4.89  ~ $6.45 ,$4.03 ,$20.70 ,0.16%,N/A,N/A
Travel (Legacy),Health & Fitness,Desktop,Outstream,United States,3,$3.69  ~ $6.60 ,N/A,N/A,N/A,N/A,N/A
Travel (Legacy),Personal Finance,Desktop,Outstream,United States,1,$4.76  ~ $5.04 ,$6.79 ,$5.66 ,0.07%,N/A,N/A
Travel (Legacy),Travel,Desktop,Outstream,United States,1,$6.84  ~ $7.09 ,N/A,N/A,N/A,N/A,N/A
Travel (Legacy),Travel,Tablet,Outstream,United States,1,$6.91  ~ $7.35 ,N/A,N/A,N/A,N/A,N/A
Travel (Legacy),Business,Desktop,Outstream,United States,6,$5.96  ~ $7.26 ,$2.05 ,N/A,0.29%,N/A,N/A
Travel (Legacy),Business,Mobile Web,Outstream,United States,14,$5.85  ~ $7.22 ,$2.09 ,$23.86 ,0.28%,N/A,N/A
Travel (Legacy),Business,Tablet,Outstream,United States,4,$6.48  ~ $7.27 ,$6.65 ,N/A,0.10%,N/A,N/A
Travel (Legacy),Food & Drink,Mobile Web,Outstream,United States,1,$6.57  ~ $7.76 ,$10.60 ,N/A,0.06%,N/A,N/A
Travel (Legacy),Real Estate,Mobile Web,Outstream,United States,2,$5.60  ~ $6.77 ,N/A,N/A,N/A,N/A,N/A
Travel (Legacy),Biotech/Biomedical,Tablet,Outstream,United States,1,$14.15  ~ $14.59 ,N/A,N/A,N/A,N/A,N/A
Travel (Legacy),Careers,Mobile Web,Outstream,United States,1,$7.16  ~ $7.52 ,$1.35 ,N/A,0.56%,N/A,N/A
Travel (Legacy),Shopping,Mobile Web,Outstream,United States,1,$0.53  ~ $4.69 ,$2.40 ,N/A,0.02%,N/A,N/A
Travel (Legacy),Home & Garden,Desktop,Outstream,United States,5,$3.74  ~ $6.33 ,N/A,N/A,N/A,N/A,N/A
Travel (Legacy),Home & Garden,Mobile Web,Outstream,United States,5,$3.39  ~ $6.49 ,$3.72 ,N/A,0.09%,N/A,N/A
Travel (Legacy),Automotive,Desktop,Outstream,United States,1,$7.94  ~ $8.89 ,N/A,N/A,N/A,N/A,N/A
Travel (Legacy),Education,Desktop,Outstream,United States,1,$7.34  ~ $9.86 ,N/A,N/A,N/A,N/A,N/A
Travel (Legacy),Education,Mobile Web,Outstream,United States,1,$7.74  ~ $8.19 ,$4.12 ,$25.51 ,0.20%,N/A,N/A
Travel (Legacy),Advertising,Mobile Web,Outstream,United States,1,$16.48  ~ $30.88 ,N/A,N/A,N/A,N/A,N/A